,0
0,https://animeslayerweb.com/anime/unnamed-memory-act-2/
1,https://animeslayerweb.com/anime/deca-dence/
2,https://animeslayerweb.com/anime/ousama-ranking/
3,https://animeslayerweb.com/anime/ore-no-nounai-sentakushi-ga-gakuen-love-comedy-wo-zenryoku-de-jama-shiteiru/
4,https://animeslayerweb.com/anime/kaijuu-8-gou/
5,https://animeslayerweb.com/anime/karakuri-circus/
6,https://animeslayerweb.com/anime/kanojo-ga-koushaku-tei-ni-itta-riyuu/
7,https://animeslayerweb.com/anime/loop-7-kaime-no-akuyaku-reijou-wa-moto-tekikoku-de-jiyuu-kimama-na-hanayome-seikatsu-wo-mankitsu-suru/
8,https://animeslayerweb.com/anime/kono-healer-mendokusai/
9,https://animeslayerweb.com/anime/terra-formars/
10,https://animeslayerweb.com/anime/fate-zero/
11,https://animeslayerweb.com/anime/kuusen-madoushi-kouhosei-no-kyoukan/
12,https://animeslayerweb.com/anime/bungou-stray-dogs-wan/
13,https://animeslayerweb.com/anime/okinawa-de-suki-ni-natta-ko-ga-hougen-sugite-tsurasugiru/
14,https://animeslayerweb.com/anime/hakozume-kouban-joshi-no-gyakushuu/
15,https://animeslayerweb.com/anime/uchi-no-kaisha-no-chiisai-senpai-no-hanashi/
16,https://animeslayerweb.com/anime/kimetsu-no-yaiba-mugen-ressha-hen/
17,https://animeslayerweb.com/anime/darling-in-the-franxx/
18,https://animeslayerweb.com/anime/ore-no-kanojo-to-osananajimi-ga-shuraba-sugiru/
19,https://animeslayerweb.com/anime/seiken-no-blacksmith/
20,https://animeslayerweb.com/anime/fate-zero-2nd-season/
21,https://animeslayerweb.com/anime/kono-subarashii-sekai-ni-bakuen-wo/
22,https://animeslayerweb.com/anime/relife/
23,https://animeslayerweb.com/anime/hyouka/
24,https://animeslayerweb.com/anime/great-teacher-onizuka/
25,https://animeslayerweb.com/anime/hibike-euphonium-2/
26,https://animeslayerweb.com/anime/mushishi-zoku-shou/
27,https://animeslayerweb.com/anime/sayounara-ryuusei-konnichiwa-jinsei/
28,https://animeslayerweb.com/anime/iwa-kakeru-sport-climbing-girls/
29,https://animeslayerweb.com/anime/cestvs-the-roman-fighter/
30,https://animeslayerweb.com/anime/tasogare-out-focus/
31,https://animeslayerweb.com/anime/uma-musume-pretty-derby-season-2/
32,https://animeslayerweb.com/anime/working/
33,https://animeslayerweb.com/anime/fuuka/
34,https://animeslayerweb.com/anime/shin-shinka-no-mi-shiranai-uchi-ni-kachigumi-jinsei/
35,https://animeslayerweb.com/anime/overlord-movie-3-sei-oukoku-hen/
36,https://animeslayerweb.com/anime/hachi-nan-tte-sore-wa-nai-deshou/
37,https://animeslayerweb.com/anime/mairimashita-iruma-kun-2nd-season/
38,https://animeslayerweb.com/anime/charlotte/
39,https://animeslayerweb.com/anime/gunjou-no-fanfare/
40,https://animeslayerweb.com/anime/mars-red/
41,https://animeslayerweb.com/anime/kubo-san-wa-mob-wo-yurusanai/
42,https://animeslayerweb.com/anime/tensei-shitara-slime-datta-ken-3rd-season/
43,https://animeslayerweb.com/anime/gyakkyou-burai-kaiji-hakairoku-hen/
44,https://animeslayerweb.com/anime/akatsuki-no-yona/
45,https://animeslayerweb.com/anime/isekai-yururi-kikou-kosodateshinagara-boukensha-shimasu/
46,https://animeslayerweb.com/anime/kobayashi-san-chi-no-maid-dragon-s/
47,https://animeslayerweb.com/anime/koukyuu-no-karasu/
48,https://animeslayerweb.com/anime/arte/
49,https://animeslayerweb.com/anime/kabushikigaisha-magi-lumiere/
50,https://animeslayerweb.com/anime/date-a-live-ii/
51,https://animeslayerweb.com/anime/akuyaku-reijou-tensei-ojisan/
52,https://animeslayerweb.com/anime/grisaia-phantom-trigger/
53,https://animeslayerweb.com/anime/yamada-kun-to-7-nin-no-majo/
54,https://animeslayerweb.com/anime/ao-no-orchestra/
55,https://animeslayerweb.com/anime/musaigen-no-phantom-world/
56,https://animeslayerweb.com/anime/lycoris-recoil/
57,https://animeslayerweb.com/anime/darker-than-black-ryuusei-no-gemini/
58,https://animeslayerweb.com/anime/mahouka-koukou-no-rettousei/
59,https://animeslayerweb.com/anime/kyoukai-senki/
60,https://animeslayerweb.com/anime/hajime-no-ippo-rising/
61,https://animeslayerweb.com/anime/the-idolmster-shiny-colors-2nd-season/
62,https://animeslayerweb.com/anime/detective-conan/
63,https://animeslayerweb.com/anime/hige-wo-soru-soshite-joshikousei-wo-hirou/
64,https://animeslayerweb.com/anime/mecha-ude-tv/
65,https://animeslayerweb.com/anime/peter-grill-to-kenja-no-jikan/
66,https://animeslayerweb.com/anime/fuuto-tantei/
67,https://animeslayerweb.com/anime/saikyou-tank-no-meikyuu-kouryaku-tairyoku-9999-no-rare-skill-mochi-tank-yuusha-party-wo-tsuihou-sareru/
68,https://animeslayerweb.com/anime/tokyo-revengers-tenjiku-hen/
69,https://animeslayerweb.com/anime/apocalypse-hotel/
70,https://animeslayerweb.com/anime/shoushimin-series/
71,https://animeslayerweb.com/anime/sousou-no-frieren/
72,https://animeslayerweb.com/anime/yoru-no-kurage-wa-oyogenai/
73,https://animeslayerweb.com/anime/rougo-ni-sonaete-isekai-de-8-manmai-no-kinka-wo-tamemasu/
74,https://animeslayerweb.com/anime/dungeon-ni-deai-wo-motomeru-no-wa-machigatteiru-darou-ka-iv-shin-shou-meikyuu-hen/
75,https://animeslayerweb.com/anime/akuyaku-reijou-level-99-watashi-wa-ura-boss-desu-ga-maou-dewa-arimasen/
76,https://animeslayerweb.com/anime/one-punch-man-2nd-season/
77,https://animeslayerweb.com/anime/the-idolmster-shiny-colors/
78,https://animeslayerweb.com/anime/tokyo-ghoulre/
79,https://animeslayerweb.com/anime/bakuten/
80,https://animeslayerweb.com/anime/night-head-2041/
81,https://animeslayerweb.com/anime/mahoutsukai-precure-mirai-days/
82,https://animeslayerweb.com/anime/slow-loop/
83,https://animeslayerweb.com/anime/isekai-shikkaku/
84,https://animeslayerweb.com/anime/hikari-no-ou-2nd-season/
85,https://animeslayerweb.com/anime/kumichou-musume-to-sewagakari/
86,https://animeslayerweb.com/anime/rail-wars/
87,https://animeslayerweb.com/anime/paradox-live-the-animation/
88,https://animeslayerweb.com/anime/rymans-club/
89,https://animeslayerweb.com/anime/back-arrow/
90,https://animeslayerweb.com/anime/renmei-kuugun-koukuu-mahou-ongakutai-luminous-witches/
91,https://animeslayerweb.com/anime/shinmai-ossan-boukensha-saikyou-party-ni-shinu-hodo-kitaerarete-muteki-ni-naru/
92,https://animeslayerweb.com/anime/tonikaku-kawaii/
93,https://animeslayerweb.com/anime/kimi-no-koto-ga-daidaidaidaidaisuki-na-100-nin-no-kanojo/
94,https://animeslayerweb.com/anime/shinigami-bocchan-to-kuro-maid/
95,https://animeslayerweb.com/anime/kinsou-no-vermeil-gakeppuchi-majutsushi-wa-saikyou-no-yakusai-to-mahou-sekai-wo-tsukisusumu/
96,https://animeslayerweb.com/anime/nierautomata-ver1-1a/
97,https://animeslayerweb.com/anime/hypnosis-mic-division-rap-battle-rhyme-anima-2/
98,https://animeslayerweb.com/anime/unnamed-memory/
99,https://animeslayerweb.com/anime/rakudai-kishi-no-cavalry/
100,https://animeslayerweb.com/anime/lupin-zero/
101,https://animeslayerweb.com/anime/one-piece-episode-of-east-blue-luffy-to-4-nin-no-nakama-no-daibouken/
102,https://animeslayerweb.com/anime/tesla-note/
103,https://animeslayerweb.com/anime/golden-kamuy-3rd-season/
104,https://animeslayerweb.com/anime/udon-no-kuni-no-kiniro-kemari/
105,https://animeslayerweb.com/anime/shinmai-renkinjutsushi-no-tenpo-keiei/
106,https://animeslayerweb.com/anime/nanashi-kaidan-2023/
107,https://animeslayerweb.com/anime/metallic-rouge/
108,https://animeslayerweb.com/anime/hataraku-maou-sama-2nd-season/
109,https://animeslayerweb.com/anime/bakuman/
110,https://animeslayerweb.com/anime/mf-ghost/
111,https://animeslayerweb.com/anime/classic%e2%98%85stars/
112,https://animeslayerweb.com/anime/shiguang-dailiren-yingdu-pian/
113,https://animeslayerweb.com/anime/gintama-porori-hen/
114,https://animeslayerweb.com/anime/kakeguruixx/
115,https://animeslayerweb.com/anime/one-room-third-season/
116,https://animeslayerweb.com/anime/made-in-abyss-retsujitsu-no-ougonkyou/
117,https://animeslayerweb.com/anime/mf-ghost-2nd-season/
118,https://animeslayerweb.com/anime/birdie-wing-golf-girls-story/
119,https://animeslayerweb.com/anime/your-forma/
120,https://animeslayerweb.com/anime/tokyo-ghoul-%e2%88%9aa/
121,https://animeslayerweb.com/anime/kuroko-no-basket-2nd-season/
122,https://animeslayerweb.com/anime/saijaku-muhai-no-bahamut/
123,https://animeslayerweb.com/anime/vinland-saga/
124,https://animeslayerweb.com/anime/one-piece-episode-of-sorajima/
125,https://animeslayerweb.com/anime/cardfight-vanguard-overdress/
126,https://animeslayerweb.com/anime/boku-no-kokoro-no-yabai-yatsu-season-2/
127,https://animeslayerweb.com/anime/kuro-no-shoukanshi/
128,https://animeslayerweb.com/anime/sword-art-online-alternative-gun-gale-online-ii/
129,https://animeslayerweb.com/anime/monster-musume-no-oishasan/
130,https://animeslayerweb.com/anime/the-fable/
131,https://animeslayerweb.com/anime/ryza-no-atelier-tokoyami-no-joou-to-himitsu-no-kakurega/
132,https://animeslayerweb.com/anime/grendizer-u/
133,https://animeslayerweb.com/anime/isekai-wa-smartphone-to-tomo-ni-2-2/
134,https://animeslayerweb.com/anime/ousama-ranking-yuuki-no-takarabako/
135,https://animeslayerweb.com/anime/koi-to-senkyo-to-chocolate/
136,https://animeslayerweb.com/anime/shokugeki-no-souma-san-no-sara/
137,https://animeslayerweb.com/anime/kingdom-5th-season/
138,https://animeslayerweb.com/anime/shaman-king-2021/
139,https://animeslayerweb.com/anime/ousama-game-the-animation/
140,https://animeslayerweb.com/anime/kuroko-no-basket/
141,https://animeslayerweb.com/anime/k-return-of-kings/
142,https://animeslayerweb.com/anime/acro-trip/
143,https://animeslayerweb.com/anime/bakuman-2nd-season/
144,https://animeslayerweb.com/anime/dolls-frontline/
145,https://animeslayerweb.com/anime/gleipnir/
146,https://animeslayerweb.com/anime/osananajimi-ga-zettai-ni-makenai-love-comedy/
147,https://animeslayerweb.com/anime/boku-no-hero-academia-memories/
148,https://animeslayerweb.com/anime/trinity-seven/
149,https://animeslayerweb.com/anime/magi-the-labyrinth-of-magic/
150,https://animeslayerweb.com/anime/zoku-owarimonogatari/
151,https://animeslayerweb.com/anime/isekai-de-cheat-skill-wo-te-ni-shita-ore-wa-genjitsu-sekai-wo-mo-musou-suru-level-up-wa-jinsei-wo-kaeta/
152,https://animeslayerweb.com/anime/vlad-love/
153,https://animeslayerweb.com/anime/nige-jouzu-no-wakagimi/
154,https://animeslayerweb.com/anime/sword-art-online-alicization-war-of-underworld/
155,https://animeslayerweb.com/anime/aharen-san-wa-hakarenai-season-2/
156,https://animeslayerweb.com/anime/joker-game/
157,https://animeslayerweb.com/anime/shinigami-bocchan-to-kuro-maid-3rd-season/
158,https://animeslayerweb.com/anime/kinnikuman-kanpeki-ch%d0%beujin-shiso-hen/
159,https://animeslayerweb.com/anime/sakamoto-days/
160,https://animeslayerweb.com/anime/honey-lemon-soda/
161,https://animeslayerweb.com/anime/horimiya-piece/
162,https://animeslayerweb.com/anime/gorilla-no-kami-kara-kago-sareta-reijou-wa-ouritsu-kishidan-de-kawaigarareru/
163,https://animeslayerweb.com/anime/majutsushi-orphen-hagure-tabi-kimluck-hen/
164,https://animeslayerweb.com/anime/mononogatari-2nd-season/
165,https://animeslayerweb.com/anime/one-piece-movie-09-episode-of-chopper-plus-fuyu-ni-saku-kiseki-no-sakura/
166,https://animeslayerweb.com/anime/non-non-biyori-nonstop/
167,https://animeslayerweb.com/anime/gamers/
168,https://animeslayerweb.com/anime/steinsgate/
169,https://animeslayerweb.com/anime/the-god-of-high-school/
170,https://animeslayerweb.com/anime/koi-wa-ameagari-no-you-ni/
171,https://animeslayerweb.com/anime/tensura-nikki-tensei-shitara-slime-datta-ken/
172,https://animeslayerweb.com/anime/koroshi-ai/
173,https://animeslayerweb.com/anime/slime-taoshite-300-nen-shiranai-uchi-ni-level-max-ni-nattemashita-sono-ni/
174,https://animeslayerweb.com/anime/kowloon-generic-romance/
175,https://animeslayerweb.com/anime/jojo-no-kimyou-na-bouken-part-6-stone-ocean/
176,https://animeslayerweb.com/anime/fairy-tail/
177,https://animeslayerweb.com/anime/shingeki-no-kyojin/
178,https://animeslayerweb.com/anime/rurouni-kenshin-meiji-kenkaku-romantan-2023/
179,https://animeslayerweb.com/anime/nanatsu-no-taizai-kamigami-no-gekirin/
180,https://animeslayerweb.com/anime/recreators/
181,https://animeslayerweb.com/anime/owarimonogatari/
182,https://animeslayerweb.com/anime/boku-no-tsuma-wa-kanjou-ga-nai/
183,https://animeslayerweb.com/anime/nanatsu-no-taizai-ensa-no-edinburgh/
184,https://animeslayerweb.com/anime/30-sai-made-doutei-dato-mahoutsukai-ni-nareru-rashii/
185,https://animeslayerweb.com/anime/kyokou-suiri-season-2/
186,https://animeslayerweb.com/anime/days-tv/
187,https://animeslayerweb.com/anime/isekai-wa-smartphone-to-tomo-ni-2/
188,https://animeslayerweb.com/anime/shingeki-no-kyojin-season-3/
189,https://animeslayerweb.com/anime/d_cide-traumerei-the-animation/
190,https://animeslayerweb.com/anime/edens-zero/
191,https://animeslayerweb.com/anime/isekai-wa-smartphone-to-tomo-ni/
192,https://animeslayerweb.com/anime/karasu-wa-aruji-wo-erabanai/
193,https://animeslayerweb.com/anime/chotto-dake-ai-ga-omoi-dark-elf-ga-isekai-kara-oikaketekita/
194,https://animeslayerweb.com/anime/rinkai/
195,https://animeslayerweb.com/anime/shinobi-no-ittoki/
196,https://animeslayerweb.com/anime/mayo-chiki/
197,https://animeslayerweb.com/anime/absolute-duo/
198,https://animeslayerweb.com/anime/haite-kudasai-takamine-san/
199,https://animeslayerweb.com/anime/yozakura-san-chi-no-daisakusen/
200,https://animeslayerweb.com/anime/jahy-sama-wa-kujikenai/
201,https://animeslayerweb.com/anime/haigakura/
202,https://animeslayerweb.com/anime/sayonara-watashi-no-cramer/
203,https://animeslayerweb.com/anime/code-geass-dakkan-no-roze/
204,https://animeslayerweb.com/anime/toradora/
205,https://animeslayerweb.com/anime/seiyuu-radio-no-uraomote/
206,https://animeslayerweb.com/anime/ano-natsu-de-matteru/
207,https://animeslayerweb.com/anime/higurashi-no-naku-koro-ni-gou/
208,https://animeslayerweb.com/anime/sand-land-the-series/
209,https://animeslayerweb.com/anime/farmagia/
210,https://animeslayerweb.com/anime/maken-ki-two/
211,https://animeslayerweb.com/anime/fate-stay-night-unlimited-blade-works-2nd-season/
212,https://animeslayerweb.com/anime/giji-harem/
213,https://animeslayerweb.com/anime/astro-note/
214,https://animeslayerweb.com/anime/i%e2%98%85chu-halfway-through-the-idol/
215,https://animeslayerweb.com/anime/zom-100-zombie-ni-naru-made-ni-shitai-100-no-koto/
216,https://animeslayerweb.com/anime/shingeki-no-bahamut-genesis/
217,https://animeslayerweb.com/anime/kuma-kuma-kuma-bear/
218,https://animeslayerweb.com/anime/one-piece-episode-of-nami-koukaishi-no-namida-to-nakama-no-kizuna/
219,https://animeslayerweb.com/anime/shadows-house-2nd-season/
220,https://animeslayerweb.com/anime/rezero-kara-hajimeru-isekai-seikatsu-2nd-season-part-2/
221,https://animeslayerweb.com/anime/shoot-goal-to-the-future/
222,https://animeslayerweb.com/anime/megalo-box/
223,https://animeslayerweb.com/anime/vampire-dormitory/
224,https://animeslayerweb.com/anime/skip-to-loafer/
225,https://animeslayerweb.com/anime/tada-kun-wa-koi-wo-shinai/
226,https://animeslayerweb.com/anime/gekai-elise/
227,https://animeslayerweb.com/anime/dead-mount-death-play-part-2/
228,https://animeslayerweb.com/anime/hinamatsuri-tv/
229,https://animeslayerweb.com/anime/dragon-ball-daima/
230,https://animeslayerweb.com/anime/tsurune-kazemai-koukou-kyuudou-bu/
231,https://animeslayerweb.com/anime/kobayashi-san-chi-no-maid-dragon/
232,https://animeslayerweb.com/anime/mahou-shoujo-ni-akogarete/
233,https://animeslayerweb.com/anime/baccano/
234,https://animeslayerweb.com/anime/isekai-yakkyoku/
235,https://animeslayerweb.com/anime/shiguang-dailiren-ii/
236,https://animeslayerweb.com/anime/medalist/
237,https://animeslayerweb.com/anime/boruto-naruto-next-generations/
238,https://animeslayerweb.com/anime/birdie-wing-golf-girls-story-season-2/
239,https://animeslayerweb.com/anime/golden-kamuy-2nd-season/
240,https://animeslayerweb.com/anime/oniichan-wa-oshimai/
241,https://animeslayerweb.com/anime/high-school-dxd-new/
242,https://animeslayerweb.com/anime/shingeki-no-kyojin-season-3-part-2/
243,https://animeslayerweb.com/anime/kikansha-no-mahou-wa-tokubetsu-desu/
244,https://animeslayerweb.com/anime/tenchi-souzou-design-bu/
245,https://animeslayerweb.com/anime/isekai-cheat-magician/
246,https://animeslayerweb.com/anime/domestic-na-kanojo/
247,https://animeslayerweb.com/anime/kuroiwa-medaka-ni-watashi-no-kawaii-ga-tsuujinai/
248,https://animeslayerweb.com/anime/tensei-shitara-slime-datta-ken/
249,https://animeslayerweb.com/anime/spy-kyoushitsu/
250,https://animeslayerweb.com/anime/nande-koko-ni-sensei-ga/
251,https://animeslayerweb.com/anime/jojo-no-kimyou-na-bouken-part-5-ougon-no-kaze/
252,https://animeslayerweb.com/anime/campione-matsurowanu-kamigami-to-kamigoroshi-no-maou/
253,https://animeslayerweb.com/anime/ishura-2nd-season/
254,https://animeslayerweb.com/anime/tokidoki-bosotto-russia-go-de-dereru-tonari-no-alya-san/
255,https://animeslayerweb.com/anime/atri-my-dear-moments/
256,https://animeslayerweb.com/anime/toaru-kagaku-no-railgun-t/
257,https://animeslayerweb.com/anime/love-all-play/
258,https://animeslayerweb.com/anime/akagami-no-shirayuki-hime-2nd-season/
259,https://animeslayerweb.com/anime/one-piece-movie-01/
260,https://animeslayerweb.com/anime/saijaku-tamer-wa-gomi-hiroi-no-tabi-wo-hajimemashita/
261,https://animeslayerweb.com/anime/bye-bye-earth-2nd-season/
262,https://animeslayerweb.com/anime/jojo-no-kimyou-na-bouken-part-3-stardust-crusaders-2nd-season/
263,https://animeslayerweb.com/anime/akagami-no-shirayuki-hime/
264,https://animeslayerweb.com/anime/machikado-mazoku-2-choume/
265,https://animeslayerweb.com/anime/watashi-no-oshi-wa-akuyaku-reijou/
266,https://animeslayerweb.com/anime/bang-dream-ave-mujica/
267,https://animeslayerweb.com/anime/dagashi-kashi/
268,https://animeslayerweb.com/anime/hazure-skill-kinomi-master-skill-no-mi-tabetara-shinu-wo-mugen-ni-taberareru-you-ni-natta-ken-ni-tsuite/
269,https://animeslayerweb.com/anime/extreme-hearts/
270,https://animeslayerweb.com/anime/berserk-ougon-jidai-hen-memorial-edition/
271,https://animeslayerweb.com/anime/hanamonogatari/
272,https://animeslayerweb.com/anime/under-ninja/
273,https://animeslayerweb.com/anime/5-toubun-no-hanayome/
274,https://animeslayerweb.com/anime/konyaku-haki-sareta-reijou-wo-hirotta-ore-ga-ikenai-koto-wo-oshiekomu/
275,https://animeslayerweb.com/anime/lv1-maou-to-one-room-yuusha/
276,https://animeslayerweb.com/anime/imouto-sae-ireba-ii/
277,https://animeslayerweb.com/anime/yuru-camp%e2%96%b3-season-3/
278,https://animeslayerweb.com/anime/nisemonogatari/
279,https://animeslayerweb.com/anime/one-piece-movie-03-chinjuu-jima-no-chopper-oukoku/
280,https://animeslayerweb.com/anime/kawaii-dake-ja-nai-shikimori-san/
281,https://animeslayerweb.com/anime/0-saiji-start-dash-monogatari-season-2/
282,https://animeslayerweb.com/anime/lv2-kara-cheat-datta-motoyuusha-kouho-no-mattari-isekai-life/
283,https://animeslayerweb.com/anime/kono-subarashii-sekai-ni-shukufuku-wo-2/
284,https://animeslayerweb.com/anime/one-piece-movie-09-episode-of-chopper-plus-fuyu-ni-saku-kiseki-no-sakura-2/
285,https://animeslayerweb.com/anime/durararax2-ketsu/
286,https://animeslayerweb.com/anime/fairy-tail-2014/
287,https://animeslayerweb.com/anime/yubisaki-to-renren/
288,https://animeslayerweb.com/anime/nijiyon-animation-2/
289,https://animeslayerweb.com/anime/neet-kunoichi-to-nazeka-dousei-hajimemashita/
290,https://animeslayerweb.com/anime/benriya-saitou-san-isekai-ni-iku/
291,https://animeslayerweb.com/anime/kagaku-x-bouken-survival/
292,https://animeslayerweb.com/anime/spy-x-family-part-2/
293,https://animeslayerweb.com/anime/ore-monogatari/
294,https://animeslayerweb.com/anime/sono-bisque-doll-wa-koi-wo-suru/
295,https://animeslayerweb.com/anime/lapis-relights/
296,https://animeslayerweb.com/anime/kaijin-kaihatsu-bu-no-kuroitsu-san/
297,https://animeslayerweb.com/anime/yami-shibai-9/
298,https://animeslayerweb.com/anime/kami-wa-game-ni-ueteiru/
299,https://animeslayerweb.com/anime/ubel-blatt/
300,https://animeslayerweb.com/anime/clannad/
301,https://animeslayerweb.com/anime/jijou-wo-shiranai-tenkousei-ga-guigui-kuru/
302,https://animeslayerweb.com/anime/ningen-fushin-no-boukensha-tachi-ga-sekai-wo-sukuu-you-desu/
303,https://animeslayerweb.com/anime/satsuriku-no-tenshi/
304,https://animeslayerweb.com/anime/love-live-superstar-2nd-season/
305,https://animeslayerweb.com/anime/kingdom-3rd-season/
306,https://animeslayerweb.com/anime/sekirei/
307,https://animeslayerweb.com/anime/tsuma-shougakusei-ni-naru/
308,https://animeslayerweb.com/anime/ballpark-de-tsukamaete/
309,https://animeslayerweb.com/anime/jojo-no-kimyou-na-bouken-part-3-stardust-crusaders/
310,https://animeslayerweb.com/anime/ao-no-exorcist-shimane-illuminati-hen/
311,https://animeslayerweb.com/anime/kingdom-2nd-season/
312,https://animeslayerweb.com/anime/nagi-no-asu-kara/
313,https://animeslayerweb.com/anime/guilty-crown/
314,https://animeslayerweb.com/anime/kanojo-mo-kanojo-season-2/
315,https://animeslayerweb.com/anime/takt-op-destiny/
316,https://animeslayerweb.com/anime/isuca/
317,https://animeslayerweb.com/anime/kingdom/
318,https://animeslayerweb.com/anime/mononogatari/
319,https://animeslayerweb.com/anime/shokei-shoujo-no-virgin-road/
320,https://animeslayerweb.com/anime/nierautomata-ver1-1a-part-2/
321,https://animeslayerweb.com/anime/ao-no-exorcist/
322,https://animeslayerweb.com/anime/atarashii-joushi-wa-do-tennen/
323,https://animeslayerweb.com/anime/bye-bye-earth/
324,https://animeslayerweb.com/anime/maoujou-de-oyasumi/
325,https://animeslayerweb.com/anime/kibou-no-chikara-otona-precure-23/
326,https://animeslayerweb.com/anime/gintama-2/
327,https://animeslayerweb.com/anime/2-5-jigen-no-ririsa/
328,https://animeslayerweb.com/anime/kanchigai-no-atelier-meister-eiyuu-party-no-moto-zatsuyougakari-ga-jitsu-wa-sentou-igai-ga-sss-rank-datta-to-iu-yoku-aru-hanashi/
329,https://animeslayerweb.com/anime/otonari-ni-ginga/
330,https://animeslayerweb.com/anime/5-toubun-no-hanayome-2/
331,https://animeslayerweb.com/anime/renai-flops/
332,https://animeslayerweb.com/anime/kemono-jihen/
333,https://animeslayerweb.com/anime/seishun-buta-yarou-wa-bunny-girl-senpai-no-yume-wo-minai/
334,https://animeslayerweb.com/anime/shenmue-the-animation/
335,https://animeslayerweb.com/anime/shadows-house/
336,https://animeslayerweb.com/anime/isekai-ojisan/
337,https://animeslayerweb.com/anime/overlord-iii/
338,https://animeslayerweb.com/anime/mahoutsukai-no-yome/
339,https://animeslayerweb.com/anime/mahoutsukai-ni-narenakatta-onnanoko-no-hanashi/
340,https://animeslayerweb.com/anime/shin-chuuka-ichiban-2nd-season/
341,https://animeslayerweb.com/anime/yuru-camp%e2%96%b3-season-2/
342,https://animeslayerweb.com/anime/hitsugi-no-chaika-avenging-battle/
343,https://animeslayerweb.com/anime/maou-gakuin-no-futekigousha-shijou-saikyou-no-maou-no-shiso-tensei-shite-shison-tachi-no-gakkou-e-kayou/
344,https://animeslayerweb.com/anime/boku-no-hero-academia-ua-heroes-battle/
345,https://animeslayerweb.com/anime/dumbbell-nan-kilo-moteru/
346,https://animeslayerweb.com/anime/dungeon-meshi/
347,https://animeslayerweb.com/anime/shiunji-ke-no-kodomotachi/
348,https://animeslayerweb.com/anime/human-bug-daigaku/
349,https://animeslayerweb.com/anime/trillion-game/
350,https://animeslayerweb.com/anime/kizuna-no-allele-season-2/
351,https://animeslayerweb.com/anime/ansatsu-kyoushitsu/
352,https://animeslayerweb.com/anime/white-album-2/
353,https://animeslayerweb.com/anime/cool-doji-danshi/
354,https://animeslayerweb.com/anime/0-saiji-start-dash-monogatari/
355,https://animeslayerweb.com/anime/plastic-memories/
356,https://animeslayerweb.com/anime/one-punch-man/
357,https://animeslayerweb.com/anime/ishura/
358,https://animeslayerweb.com/anime/boukyaku-battery-tv/
359,https://animeslayerweb.com/anime/ao-ashi/
360,https://animeslayerweb.com/anime/saikin-imouto-no-yousu-ga-chotto-okashiinda-ga/
361,https://animeslayerweb.com/anime/lupin-iii-part-6/
362,https://animeslayerweb.com/anime/ookami-san-to-shichinin-no-nakama-tachi/
363,https://animeslayerweb.com/anime/chao-neng-lifang-chaofan-pian/
364,https://animeslayerweb.com/anime/kidou-senshi-gundam-suisei-no-majo/
365,https://animeslayerweb.com/anime/tokyo-24-ku/
366,https://animeslayerweb.com/anime/edomae-elf/
367,https://animeslayerweb.com/anime/relife-kanketsu-hen/
368,https://animeslayerweb.com/anime/koutetsujou-no-kabaneri/
369,https://animeslayerweb.com/anime/peter-grill-to-kenja-no-jikan-super-extra/
370,https://animeslayerweb.com/anime/honzuki-no-gekokujou-shisho-ni-naru-tame-ni-wa-shudan-wo-erandeiraremasen/
371,https://animeslayerweb.com/anime/mob-psycho-100/
372,https://animeslayerweb.com/anime/fantasy-bishoujo-juniku-ojisan-to/
373,https://animeslayerweb.com/anime/karakai-jouzu-no-takagi-san-2/
374,https://animeslayerweb.com/anime/seiken-densetsu-legend-of-mana-the-teardrop-crystal/
375,https://animeslayerweb.com/anime/inu-ni-nattara-suki-na-hito-ni-hirowareta/
376,https://animeslayerweb.com/anime/hikari-no-ou/
377,https://animeslayerweb.com/anime/cheat-kusushi-no-slow-life-isekai-ni-tsukurou-drugstore/
378,https://animeslayerweb.com/anime/dragon-quest-dai-no-daibouken-2020/
379,https://animeslayerweb.com/anime/one-piece-episode-of-sabo-3-kyoudai-no-kizuna-kiseki-no-saikai-to-uketsugareru-ishi/
380,https://animeslayerweb.com/anime/shaman-king-flowers/
381,https://animeslayerweb.com/anime/tensei-shitara-dainana-ouji-datta-node-kimama-ni-majutsu-wo-kiwamemasu/
382,https://animeslayerweb.com/anime/jitsu-wa-ore-saikyou-deshita/
383,https://animeslayerweb.com/anime/kamonohashi-ron-no-kindan-suiri-2nd-season/
384,https://animeslayerweb.com/anime/haikyuu-second-season/
385,https://animeslayerweb.com/anime/tensei-shitara-slime-datta-ken-2nd-season/
386,https://animeslayerweb.com/anime/working-2/
387,https://animeslayerweb.com/anime/ao-no-exorcist-yosuga-hen/
388,https://animeslayerweb.com/anime/tensei-shitara-ken-deshita/
389,https://animeslayerweb.com/anime/boku-no-hero-academia-7th-season/
390,https://animeslayerweb.com/anime/kaiko-sareta-ankoku-heishi-30-dai-no-slow-na-second-life/
391,https://animeslayerweb.com/anime/party-kara-tsuihou-sareta-sono-chiyushi-jitsu-wa-saikyou-ni-tsuki/
392,https://animeslayerweb.com/anime/hitsugi-no-chaika/
393,https://animeslayerweb.com/anime/yahari-ore-no-seishun-love-comedy-wa-machigatteiru-kan/
394,https://animeslayerweb.com/anime/futsal-boys/
395,https://animeslayerweb.com/anime/touken-ranbu-kai-kyoden-moyuru-honnouji/
396,https://animeslayerweb.com/anime/fugou-keiji-balanceunlimited/
397,https://animeslayerweb.com/anime/mushishi-zoku-shou-2nd-season/
398,https://animeslayerweb.com/anime/jojo-no-kimyou-na-bouken-part-4-diamond-wa-kudakenai/
399,https://animeslayerweb.com/anime/juuni-taisen/
400,https://animeslayerweb.com/anime/ragna-crimson/
401,https://animeslayerweb.com/anime/orange/
402,https://animeslayerweb.com/anime/tsuki-ga-kirei/
403,https://animeslayerweb.com/anime/spy-x-family-season-2/
404,https://animeslayerweb.com/anime/isekai-maou-to-shoukan-shoujo-no-dorei-majutsu/
405,https://animeslayerweb.com/anime/arknights-fuyukomori-kaerimichi/
406,https://animeslayerweb.com/anime/yami-shibai-8/
407,https://animeslayerweb.com/anime/rekishi-ni-nokoru-akujo-ni-naru-zo/
408,https://animeslayerweb.com/anime/potion-danomi-de-ikinobimasu/
409,https://animeslayerweb.com/anime/hataraku-saibou-black/
410,https://animeslayerweb.com/anime/shin-no-nakama-ja-nai-to-yuusha-no-party-wo-oidasareta-node-henkyou-de-slow-life-suru-koto-ni-shimashita/
411,https://animeslayerweb.com/anime/mix-meisei-story/
412,https://animeslayerweb.com/anime/honzuki-no-gekokujou-shisho-ni-naru-tame-ni-wa-shudan-wo-erandeiraremasen-2nd-season/
413,https://animeslayerweb.com/anime/fumetsu-no-anata-e-season-2/
414,https://animeslayerweb.com/anime/yumemiru-danshi-wa-genjitsushugisha/
415,https://animeslayerweb.com/anime/tasuuketsu/
416,https://animeslayerweb.com/anime/sd-gundam-world-heroes/
417,https://animeslayerweb.com/anime/d4dj-first-mix/
418,https://animeslayerweb.com/anime/blue-lock-episode-nagi/
419,https://animeslayerweb.com/anime/dr-stone-new-world-2/
420,https://animeslayerweb.com/anime/kinnikuman-kanpeki-ch%d0%beujin-shiso-hen-season-2/
421,https://animeslayerweb.com/anime/sword-art-online-alicization-war-of-underworld-2nd-season/
422,https://animeslayerweb.com/anime/enen-no-shouboutai-san-no-shou/
423,https://animeslayerweb.com/anime/trigun-stampede/
424,https://animeslayerweb.com/anime/psycho-pass/
425,https://animeslayerweb.com/anime/sword-art-online-ii/
426,https://animeslayerweb.com/anime/otome-game-no-hametsu-flag-shika-nai-akuyaku-reijou-ni-tensei-shiteshimatta-x/
427,https://animeslayerweb.com/anime/salaryman-ga-isekai-ni-ittara-shitennou-ni-natta-hanashi/
428,https://animeslayerweb.com/anime/kami-tachi-ni-hirowareta-otoko/
429,https://animeslayerweb.com/anime/bokutachi-no-remake/
430,https://animeslayerweb.com/anime/ao-no-miburo/
431,https://animeslayerweb.com/anime/appare-ranman/
432,https://animeslayerweb.com/anime/blue-lock-vs-u-20-japan/
433,https://animeslayerweb.com/anime/world-trigger-2nd-season/
434,https://animeslayerweb.com/anime/make-heroine-ga-oosugiru/
435,https://animeslayerweb.com/anime/keikenzumi-na-kimi-to-keiken-zero-na-ore-ga-otsukiai-suru-hanashi/
436,https://animeslayerweb.com/anime/yuragi-sou-no-yuuna-san/
437,https://animeslayerweb.com/anime/tonikaku-kawaii-joshikou-hen/
438,https://animeslayerweb.com/anime/beastars-2nd-season/
439,https://animeslayerweb.com/anime/jaku-chara-tomozaki-kun-2nd-stage/
440,https://animeslayerweb.com/anime/watashi-no-shiawase-na-kekkon-2nd-season/
441,https://animeslayerweb.com/anime/gintama-enchousen/
442,https://animeslayerweb.com/anime/one-piece-movie-06-omatsuri-danshaku-to-himitsu-no-shima/
443,https://animeslayerweb.com/anime/shinka-no-mi-shiranai-uchi-ni-kachigumi-jinsei/
444,https://animeslayerweb.com/anime/bishounen-tanteidan/
445,https://animeslayerweb.com/anime/working-3/
446,https://animeslayerweb.com/anime/arifureta-shokugyou-de-sekai-saikyou-2nd-season/
447,https://animeslayerweb.com/anime/bokutachi-wa-benkyou-ga-dekinai/
448,https://animeslayerweb.com/anime/kono-oto-tomare-part-2/
449,https://animeslayerweb.com/anime/sword-art-online-alicization/
450,https://animeslayerweb.com/anime/tasogare-otome-x-amnesia/
451,https://animeslayerweb.com/anime/jidou-hanbaiki-ni-umarekawatta-ore-wa-meikyuu-wo-samayou/
452,https://animeslayerweb.com/anime/isshun-de-chiryou-shiteita-noni-yakutatazu-to-tsuihou-sareta-tensai-chiyushi-yami-healer-toshite-tanoshiku-ikiru/
453,https://animeslayerweb.com/anime/kami-kuzu%e2%98%86idol/
454,https://animeslayerweb.com/anime/sasayaku-you-ni-koi-wo-utau/
455,https://animeslayerweb.com/anime/dakara-boku-wa-h-ga-dekinai/
456,https://animeslayerweb.com/anime/sokushi-cheat-ga-saikyou-sugite-isekai-no-yatsura-ga-marude-aite-ni-naranai-n-desu-ga/
457,https://animeslayerweb.com/anime/jibaku-shounen-hanako-kun/
458,https://animeslayerweb.com/anime/uma-musume-cinderella-gray/
459,https://animeslayerweb.com/anime/goblin-slayer/
460,https://animeslayerweb.com/anime/shimoneta-to-iu-gainen-ga-sonzai-shinai-taikutsu-na-sekai/
461,https://animeslayerweb.com/anime/munou-na-nana/
462,https://animeslayerweb.com/anime/akiba-meido-sensou/
463,https://animeslayerweb.com/anime/gangsta/
464,https://animeslayerweb.com/anime/gyakkyou-burai-kaiji-ultimate-survivor/
465,https://animeslayerweb.com/anime/yurei-deco/
466,https://animeslayerweb.com/anime/gochuumon-wa-usagi-desu-ka-bloom/
467,https://animeslayerweb.com/anime/keijo/
468,https://animeslayerweb.com/anime/sentai-daishikkaku/
469,https://animeslayerweb.com/anime/kamisama-hajimemashita/
470,https://animeslayerweb.com/anime/akudama-drive/
471,https://animeslayerweb.com/anime/ji-yao-lu-qicheng-pian/
472,https://animeslayerweb.com/anime/komi-san-wa-comyushou-desu/
473,https://animeslayerweb.com/anime/dagashi-kashi-2/
474,https://animeslayerweb.com/anime/mob-psycho-100-ii/
475,https://animeslayerweb.com/anime/skate-leading%e2%98%86stars/
476,https://animeslayerweb.com/anime/arslan-senki-tv/
477,https://animeslayerweb.com/anime/seijo-no-maryoku-wa-bannou-desu-2nd-season/
478,https://animeslayerweb.com/anime/saihate-no-paladin-tetsusabi-no-yama-no-ou/
479,https://animeslayerweb.com/anime/arifureta-shokugyou-de-sekai-saikyou/
480,https://animeslayerweb.com/anime/chibi-godzilla-no-gyakushuu-2nd-season/
481,https://animeslayerweb.com/anime/tearmoon-teikoku-monogatari-dantoudai-kara-hajimaru-hime-no-tensei-gyakuten-story/
482,https://animeslayerweb.com/anime/senryuu-shoujo/
483,https://animeslayerweb.com/anime/tensei-shitara-slime-datta-ken-2nd-season-part-2/
484,https://animeslayerweb.com/anime/slam-dunk/
485,https://animeslayerweb.com/anime/flying-witch/
486,https://animeslayerweb.com/anime/wind-breaker-season-2/
487,https://animeslayerweb.com/anime/sorairo-utility-tv/
488,https://animeslayerweb.com/anime/osomatsu-san-3rd-season/
489,https://animeslayerweb.com/anime/darker-than-black-kuro-no-keiyakusha/
490,https://animeslayerweb.com/anime/hanyou-no-yashahime-sengoku-otogizoushi-ni-no-shou/
491,https://animeslayerweb.com/anime/joukamachi-no-dandelion/
492,https://animeslayerweb.com/anime/shangri-la-frontier-kusoge-hunter-kamige-ni-idoman-to-su/
493,https://animeslayerweb.com/anime/91-days/
494,https://animeslayerweb.com/anime/kumo-desu-ga-nani-ka/
495,https://animeslayerweb.com/anime/one-piece-episode-of-luffy-hand-island-no-bouken/
496,https://animeslayerweb.com/anime/shadowverse-flame-arc-hen/
497,https://animeslayerweb.com/anime/spy-x-family-movie-code-white/
498,https://animeslayerweb.com/anime/fairy-ranmaru-anata-no-kokoro-otasuke-shimasu/
499,https://animeslayerweb.com/anime/bleach-sennen-kessen-hen-soukoku-tan/
500,https://animeslayerweb.com/anime/boku-no-hero-academia-3rd-season/
501,https://animeslayerweb.com/anime/kaminaki-sekai-no-kamisama-katsudou/
502,https://animeslayerweb.com/anime/senyoku-no-sigrdrifa/
503,https://animeslayerweb.com/anime/gate-jieitai-kanochi-nite-kaku-tatakaeri-part-2/
504,https://animeslayerweb.com/anime/urasekai-picnic/
505,https://animeslayerweb.com/anime/kyuukyoku-shinka-shita-full-dive-rpg-ga-genjitsu-yori-mo-kusoge-dattara/
506,https://animeslayerweb.com/anime/kamisama-hajimemashita%e2%97%8e/
507,https://animeslayerweb.com/anime/one-piece/
508,https://animeslayerweb.com/anime/orient/
509,https://animeslayerweb.com/anime/amaama-to-inazuma/
510,https://animeslayerweb.com/anime/kage-no-jitsuryokusha-ni-naritakute/
511,https://animeslayerweb.com/anime/jashin-chan-dropkick-x/
512,https://animeslayerweb.com/anime/idolish7-third-beat-part-2/
513,https://animeslayerweb.com/anime/flcl-shoegaze/
514,https://animeslayerweb.com/anime/assault-lily-bouquet/
515,https://animeslayerweb.com/anime/dogeza-de-tanondemita/
516,https://animeslayerweb.com/anime/tejina-senpai/
517,https://animeslayerweb.com/anime/tokyo-mew-mew-new-%e2%99%a1/
518,https://animeslayerweb.com/anime/aharen-san-wa-hakarenai/
519,https://animeslayerweb.com/anime/pandora-hearts/
520,https://animeslayerweb.com/anime/made-in-abyss/
521,https://animeslayerweb.com/anime/bokura-no-ameiro-protocol/
522,https://animeslayerweb.com/anime/haikyuu-to-the-top-part-2/
523,https://animeslayerweb.com/anime/itai-no-wa-iya-nanode-bougyoryoku-ni-kyokufuri-shitai-to-omoimasu/
524,https://animeslayerweb.com/anime/tales-of-zestiria-the-cross/
525,https://animeslayerweb.com/anime/shin-samurai-den-yaiba/
526,https://animeslayerweb.com/anime/sin-nanatsu-no-taizai/
527,https://animeslayerweb.com/anime/watashi-no-shiawase-na-kekkon/
528,https://animeslayerweb.com/anime/tensei-kizoku-kantei-skill-de-nariagaru/
529,https://animeslayerweb.com/anime/saikin-yatotta-maid-ga-ayashii/
530,https://animeslayerweb.com/anime/shokugeki-no-souma-gou-no-sara/
531,https://animeslayerweb.com/anime/gekidol-actidol-project/
532,https://animeslayerweb.com/anime/itou-junji-collection/
533,https://animeslayerweb.com/anime/dekisokonai-to-yobareta-motoeiyuu-wa-jikka-kara-tsuihou-sareta-node-sukikatte-ni-ikiru-koto-ni-shita/
534,https://animeslayerweb.com/anime/rikei-ga-koi-ni-ochita-no-de-shoumei-shitemita/
535,https://animeslayerweb.com/anime/himesama-goumon-no-jikan-desu/
536,https://animeslayerweb.com/anime/yosuga-no-sora-in-solitude-where-we-are-least-alone/
537,https://animeslayerweb.com/anime/monogatari-series-off-monster-season/
538,https://animeslayerweb.com/anime/chi-chikyuu-no-undou-ni-tsuite/
539,https://animeslayerweb.com/anime/deji-meets-girl/
540,https://animeslayerweb.com/anime/botsuraku-yotei-no-kizoku-dakedo-hima-datta-kara-mahou-wo-kiwametemita/
541,https://animeslayerweb.com/anime/meitantei-conan-hannin-no-hanzawa-san/
542,https://animeslayerweb.com/anime/captain-tsubasa-season-2-junior-youth-hen/
543,https://animeslayerweb.com/anime/hai-to-gensou-no-grimgar/
544,https://animeslayerweb.com/anime/kill-la-kill/
545,https://animeslayerweb.com/anime/kiseijuu-sei-no-kakuritsu/
546,https://animeslayerweb.com/anime/bleach-sennen-kessen-hen-ketsubetsu-tan/
547,https://animeslayerweb.com/anime/selection-project/
548,https://animeslayerweb.com/anime/kokoro-connect/
549,https://animeslayerweb.com/anime/koi-to-uso/
550,https://animeslayerweb.com/anime/sabikui-bisco/
551,https://animeslayerweb.com/anime/golden-time/
552,https://animeslayerweb.com/anime/gensou-sangokushi-tengen-reishinki/
553,https://animeslayerweb.com/anime/masamune-kun-no-revenge/
554,https://animeslayerweb.com/anime/hunter-x-hunter-2011/
555,https://animeslayerweb.com/anime/gintama/
556,https://animeslayerweb.com/anime/kaizoku-oujo/
557,https://animeslayerweb.com/anime/meikyuu-black-company/
558,https://animeslayerweb.com/anime/ai-no-idenshi/
559,https://animeslayerweb.com/anime/saikyou-no-shienshoku-wajutsushi-de-aru-ore-wa-sekai-saikyou-clan-wo-shitagaeru/
560,https://animeslayerweb.com/anime/shigatsu-wa-kimi-no-uso/
561,https://animeslayerweb.com/anime/healer-girl/
562,https://animeslayerweb.com/anime/tensui-no-sakuna-hime/
563,https://animeslayerweb.com/anime/yuukoku-no-moriarty-part-2/
564,https://animeslayerweb.com/anime/getter-robo-arc/
565,https://animeslayerweb.com/anime/meitou-isekai-no-yu-kaitakuki-around-40-onsen-mania-no-tensei-saki-wa-nonbiri-onsen-tengoku-deshita/
566,https://animeslayerweb.com/anime/dragon-ball/
567,https://animeslayerweb.com/anime/kanojo-okarishimasu/
568,https://animeslayerweb.com/anime/madougushi-dahliya-wa-utsumukanai/
569,https://animeslayerweb.com/anime/seiken-tsukai-no-world-break/
570,https://animeslayerweb.com/anime/ooyukiumi-no-kaina/
571,https://animeslayerweb.com/anime/ousama-ranking-yuuki-no-takarabako-2/
572,https://animeslayerweb.com/anime/raise-wa-tanin-ga-ii/
573,https://animeslayerweb.com/anime/bucchigiri/
574,https://animeslayerweb.com/anime/2-43-seiin-koukou-danshi-volley-bu/
575,https://animeslayerweb.com/anime/xian-wang-de-richang-shenghuo-2/
576,https://animeslayerweb.com/anime/one-piece-adventure-of-nebulandia/
577,https://animeslayerweb.com/anime/kanojo-mo-kanojo/
578,https://animeslayerweb.com/anime/megami-no-cafe-terrace/
579,https://animeslayerweb.com/anime/tensei-oujo-to-tensai-reijou-no-mahou-kakumei/
580,https://animeslayerweb.com/anime/kekkon-yubiwa-monogatari/
581,https://animeslayerweb.com/anime/my-home-hero/
582,https://animeslayerweb.com/anime/ookami-to-koushinryou-merchant-meets-the-wise-wolf/
583,https://animeslayerweb.com/anime/nekomonogatari-kuro/
584,https://animeslayerweb.com/anime/mushoku-tensei-isekai-ittara-honki-dasu/
585,https://animeslayerweb.com/anime/beastars-final-season/
586,https://animeslayerweb.com/anime/shuumatsu-nani-shitemasu-ka-isogashii-desu-ka-sukutte-moratte-ii-desu-ka/
587,https://animeslayerweb.com/anime/high-school-dxd/
588,https://animeslayerweb.com/anime/ninja-to-koroshiya-no-futarigurashi/
589,https://animeslayerweb.com/anime/danjo-no-yuujou-wa-seiritsu-suru-iya-shinai/
590,https://animeslayerweb.com/anime/another/
591,https://animeslayerweb.com/anime/boku-no-kanojo-ga-majimesugiru-sho-bitch-na-ken/
592,https://animeslayerweb.com/anime/just-because/
593,https://animeslayerweb.com/anime/blood-lad/
594,https://animeslayerweb.com/anime/umayon/
595,https://animeslayerweb.com/anime/gyakuten-sekai-no-denchi-shoujo/
596,https://animeslayerweb.com/anime/kaichou-wa-maid-sama/
597,https://animeslayerweb.com/anime/amagi-brilliant-park/
598,https://animeslayerweb.com/anime/mob-kara-hajimaru-tansaku-eiyuutan/
599,https://animeslayerweb.com/anime/mou-ippon/
600,https://animeslayerweb.com/anime/hananoi-kun-to-koi-no-yamai/
601,https://animeslayerweb.com/anime/mahou-shoujo-magical-destroyers/
602,https://animeslayerweb.com/anime/gintama-3/
603,https://animeslayerweb.com/anime/guild-no-uketsukejou-desu-ga-zangyou-wa-iya-nanode-boss-wo-solo-toubatsu-shiyou-to-omoimasu/
604,https://animeslayerweb.com/anime/idolish7-third-beat/
605,https://animeslayerweb.com/anime/dungeon-ni-deai-wo-motomeru-no-wa-machigatteiru-darou-ka/
606,https://animeslayerweb.com/anime/yatogame-chan-kansatsu-nikki-yonsatsume/
607,https://animeslayerweb.com/anime/aldnoah-zero-part-2/
608,https://animeslayerweb.com/anime/overlord-iv/
609,https://animeslayerweb.com/anime/kankin-kuiki-level-x/
610,https://animeslayerweb.com/anime/bakemonogatari/
611,https://animeslayerweb.com/anime/tsuki-ga-michibiku-isekai-douchuu-2nd-season/
612,https://animeslayerweb.com/anime/terra-formars-revenge/
613,https://animeslayerweb.com/anime/dungeon-ni-deai-wo-motomeru-no-wa-machigatteiru-darou-ka-iv-fuka-shou-yakusai-hen/
614,https://animeslayerweb.com/anime/koi-to-producer-evolxlove/
615,https://animeslayerweb.com/anime/dark-gathering/
616,https://animeslayerweb.com/anime/a-rank-party-wo-ridatsu-shita-ore-wa-moto-oshiego-tachi-to-meikyuu-shinbu-wo-mezasu/
617,https://animeslayerweb.com/anime/dr-stone/
618,https://animeslayerweb.com/anime/kyuuketsuki-sugu-shinu/
619,https://animeslayerweb.com/anime/rick-and-morty-the-anime/
620,https://animeslayerweb.com/anime/shikkakumon-no-saikyou-kenja/
621,https://animeslayerweb.com/anime/vivy-fluorite-eyes-song/
622,https://animeslayerweb.com/anime/youjo-senki/
623,https://animeslayerweb.com/anime/tokyo-ghoul/
624,https://animeslayerweb.com/anime/odd-taxi/
625,https://animeslayerweb.com/anime/ore-dake-level-up-na-ken-season-2-arise-from-the-shadow/
626,https://animeslayerweb.com/anime/gibiate/
627,https://animeslayerweb.com/anime/jouran-the-princess-of-snow-and-blood/
628,https://animeslayerweb.com/anime/bokutachi-wa-benkyou-ga-dekinai-2/
629,https://animeslayerweb.com/anime/kono-bijutsu-bu-ni-wa-mondai-ga-aru/
630,https://animeslayerweb.com/anime/gate-jieitai-kanochi-nite-kaku-tatakaeri/
631,https://animeslayerweb.com/anime/ajin/
632,https://animeslayerweb.com/anime/barakamon/
633,https://animeslayerweb.com/anime/dorohedoro/
634,https://animeslayerweb.com/anime/kai-byoui-ramune/
635,https://animeslayerweb.com/anime/shy/
636,https://animeslayerweb.com/anime/angel-beats/
637,https://animeslayerweb.com/anime/sengoku-youko-senma-konton-hen/
638,https://animeslayerweb.com/anime/peach-boy-riverside/
639,https://animeslayerweb.com/anime/love-live-superstar/
640,https://animeslayerweb.com/anime/midara-na-ao-chan-wa-benkyou-ga-dekinai/
641,https://animeslayerweb.com/anime/ballroom-e-youkoso/
642,https://animeslayerweb.com/anime/elf-san-wa-yaserarenai/
643,https://animeslayerweb.com/anime/kingdom-4th-season/
644,https://animeslayerweb.com/anime/dance-dance-danseur/
645,https://animeslayerweb.com/anime/soukou-musume-senki/
646,https://animeslayerweb.com/anime/darwins-game/
647,https://animeslayerweb.com/anime/shinmai-maou-no-testament-burst/
648,https://animeslayerweb.com/anime/yakusoku-no-neverland/
649,https://animeslayerweb.com/anime/jitsu-wa-watashi-wa/
650,https://animeslayerweb.com/anime/nanatsu-no-taizai-imashime-no-fukkatsu/
651,https://animeslayerweb.com/anime/dungeon-ni-deai-wo-motomeru-no-wa-machigatteiru-darou-ka-iii/
652,https://animeslayerweb.com/anime/berserk/
653,https://animeslayerweb.com/anime/drifters/
654,https://animeslayerweb.com/anime/one-piece-film-z/
655,https://animeslayerweb.com/anime/idoly-pride/
656,https://animeslayerweb.com/anime/bocchi-the-rock/
657,https://animeslayerweb.com/anime/tsuki-to-laika-to-nosferatu/
658,https://animeslayerweb.com/anime/honzuki-no-gekokujou-shisho-ni-naru-tame-ni-wa-shudan-wo-erandeiraremasen-3rd-season/
659,https://animeslayerweb.com/anime/shin-tennis-no-oujisama-u-17-world-cup-semifinal/
660,https://animeslayerweb.com/anime/nisekoi-2/
661,https://animeslayerweb.com/anime/tonari-no-youkai-san/
662,https://animeslayerweb.com/anime/murai-no-koi/
663,https://animeslayerweb.com/anime/yuusha-party-wo-tsuihou-sareta-beast-tamer-saikyoushu-no-nekomimi-shoujo-to-deau/
664,https://animeslayerweb.com/anime/devil-may-cry-2025/
665,https://animeslayerweb.com/anime/engage-kiss/
666,https://animeslayerweb.com/anime/yami-shibai-10/
667,https://animeslayerweb.com/anime/kimi-ni-todoke/
668,https://animeslayerweb.com/anime/amagami-san-chi-no-enmusubi/
669,https://animeslayerweb.com/anime/clannad-after-story/
670,https://animeslayerweb.com/anime/maou-2099/
671,https://animeslayerweb.com/anime/bungou-stray-dogs-5th-season/
672,https://animeslayerweb.com/anime/senpai-ga-uzai-kouhai-no-hanashi/
673,https://animeslayerweb.com/anime/summertime-render/
674,https://animeslayerweb.com/anime/niehime-to-kemono-no-ou/
675,https://animeslayerweb.com/anime/oniichan-dakedo-ai-sae-areba-kankeinai-yo-ne/
676,https://animeslayerweb.com/anime/mahouka-koukou-no-yuutousei/
677,https://animeslayerweb.com/anime/shuumatsu-train-doko-e-iku/
678,https://animeslayerweb.com/anime/hanma-baki-vs-kengan-ashura/
679,https://animeslayerweb.com/anime/one-piece-movie-08-episode-of-alabasta-sabaku-no-oujo-to-kaizoku-tachi/
680,https://animeslayerweb.com/anime/ojou-to-banken-kun/
681,https://animeslayerweb.com/anime/around-40-otoko-no-isekai-tsuuhan/
682,https://animeslayerweb.com/anime/hajime-no-ippo/
683,https://animeslayerweb.com/anime/super-cub/
684,https://animeslayerweb.com/anime/ano-hi-mita-hana-no-namae-wo-bokutachi-wa-mada-shiranai/
685,https://animeslayerweb.com/anime/bang-dream-its-mygo/
686,https://animeslayerweb.com/anime/100-man-no-inochi-no-ue-ni-ore-wa-tatteiru-2nd-season/
687,https://animeslayerweb.com/anime/orient-awajishima-gekitou-hen/
688,https://animeslayerweb.com/anime/seirei-gensouki-2/
689,https://animeslayerweb.com/anime/kakushite-makina-san/
690,https://animeslayerweb.com/anime/love-live-nijigasaki-gakuen-school-idol-doukoukai/
691,https://animeslayerweb.com/anime/uq-holder-mahou-sensei-negima-2/
692,https://animeslayerweb.com/anime/nanatsu-no-taizai/
693,https://animeslayerweb.com/anime/shine-post/
694,https://animeslayerweb.com/anime/noragami/
695,https://animeslayerweb.com/anime/kijin-gentoushou/
696,https://animeslayerweb.com/anime/dog-signal/
697,https://animeslayerweb.com/anime/one-piece-movie-14-stampede/
698,https://animeslayerweb.com/anime/hoshifuru-oukoku-no-nina/
699,https://animeslayerweb.com/anime/shadowverse-flame-seven-shadows-hen/
700,https://animeslayerweb.com/anime/jujutsu-kaisen/
701,https://animeslayerweb.com/anime/seija-musou-salaryman-isekai-de-ikinokoru-tame-ni-ayumu-michi/
702,https://animeslayerweb.com/anime/araburu-kisetsu-no-otome-domo-yo/
703,https://animeslayerweb.com/anime/shangri-la-frontier-kusoge-hunter-kamige-ni-idoman-to-su-2nd-season/
704,https://animeslayerweb.com/anime/platinum-end/
705,https://animeslayerweb.com/anime/gintama-shirogane-no-tamashii-hen-kouhan-sen/
706,https://animeslayerweb.com/anime/mahoutsukai-reimeiki/
707,https://animeslayerweb.com/anime/okashi-na-tensei/
708,https://animeslayerweb.com/anime/maou-sama-retry/
709,https://animeslayerweb.com/anime/one-piece-3d-mugiwara-chase/
710,https://animeslayerweb.com/anime/nozomanu-fushi-no-boukensha/
711,https://animeslayerweb.com/anime/shikanoko-nokonoko-koshitantan/
712,https://animeslayerweb.com/anime/mirai-shounen-conan/
713,https://animeslayerweb.com/anime/radiant/
714,https://animeslayerweb.com/anime/nihon-e-youkoso-elf-san/
715,https://animeslayerweb.com/anime/cue/
716,https://animeslayerweb.com/anime/senpai-wa-otokonoko/
717,https://animeslayerweb.com/anime/kakegurui/
718,https://animeslayerweb.com/anime/uzaki-chan-wa-asobitai/
719,https://animeslayerweb.com/anime/fruits-basket-1st-season/
720,https://animeslayerweb.com/anime/izure-saikyou-no-renkinjutsushi/
721,https://animeslayerweb.com/anime/otonari-no-tenshi-sama-ni-itsunomanika-dame-ningen-ni-sareteita-ken/
722,https://animeslayerweb.com/anime/86/
723,https://animeslayerweb.com/anime/sentai-daishikkaku-2nd-season/
724,https://animeslayerweb.com/anime/16bit-sensation-another-layer/
725,https://animeslayerweb.com/anime/dead-mount-death-play/
726,https://animeslayerweb.com/anime/ushio-to-tora-tv/
727,https://animeslayerweb.com/anime/kiznaiver/
728,https://animeslayerweb.com/anime/rpg-fudousan/
729,https://animeslayerweb.com/anime/uma-musume-pretty-derby-season-3/
730,https://animeslayerweb.com/anime/black-lagoon-the-second-barrage/
731,https://animeslayerweb.com/anime/wixoss-divaalive/
732,https://animeslayerweb.com/anime/mushoku-tensei-ii-isekai-ittara-honki-dasu/
733,https://animeslayerweb.com/anime/jujutsu-kaisen-2nd-season/
734,https://animeslayerweb.com/anime/kono-subarashii-sekai-ni-shukufuku-wo/
735,https://animeslayerweb.com/anime/dragon-ie-wo-kau/
736,https://animeslayerweb.com/anime/gaikotsu-kishi-sama-tadaima-isekai-e-odekakechuu/
737,https://animeslayerweb.com/anime/tsukimonogatari/
738,https://animeslayerweb.com/anime/naze-boku-no-sekai-wo-daremo-oboeteinai-no-ka/
739,https://animeslayerweb.com/anime/sugar-apple-fairy-tale-part-2/
740,https://animeslayerweb.com/anime/bna/
741,https://animeslayerweb.com/anime/do-it-yourself/
742,https://animeslayerweb.com/anime/saikyou-onmyouji-no-isekai-tenseiki/
743,https://animeslayerweb.com/anime/cardfight-vanguard-overdress-season-2/
744,https://animeslayerweb.com/anime/genjitsu-shugi-yuusha-no-oukoku-saikenki/
745,https://animeslayerweb.com/anime/noragami-aragoto/
746,https://animeslayerweb.com/anime/urusei-yatsura-2022/
747,https://animeslayerweb.com/anime/blue-lock/
748,https://animeslayerweb.com/anime/kyuujitsu-no-warumono-san/
749,https://animeslayerweb.com/anime/sugar-apple-fairy-tale/
750,https://animeslayerweb.com/anime/suki-na-ko-ga-megane-wo-wasureta/
751,https://animeslayerweb.com/anime/witch-watch/
752,https://animeslayerweb.com/anime/5-toubun-no-hanayome-%e2%88%ac/
753,https://animeslayerweb.com/anime/kokkoku/
754,https://animeslayerweb.com/anime/seiken-gakuin-no-makentsukai/
755,https://animeslayerweb.com/anime/yama-no-susume-next-summit/
756,https://animeslayerweb.com/anime/ore-dake-level-up-na-ken/
757,https://animeslayerweb.com/anime/maou-no-ore-ga-dorei-elf-wo-yome-ni-shitanda-ga-dou-medereba-ii/
758,https://animeslayerweb.com/anime/somali-to-mori-no-kamisama/
759,https://animeslayerweb.com/anime/steinsgate-0/
760,https://animeslayerweb.com/anime/boku-wa-tomodachi-ga-sukunai-next/
761,https://animeslayerweb.com/anime/soredemo-ayumu-wa-yosetekuru/
762,https://animeslayerweb.com/anime/akebi-chan-no-sailor-fuku/
763,https://animeslayerweb.com/anime/hirogaru-sky-precure/
764,https://animeslayerweb.com/anime/kimi-to-boku-no-saigo-no-senjou-aruiwa-sekai-ga-hajimaru-seisen/
765,https://animeslayerweb.com/anime/henjin-no-salad-bowl/
766,https://animeslayerweb.com/anime/death-note/
767,https://animeslayerweb.com/anime/is-infinite-stratos/
768,https://animeslayerweb.com/anime/fate-strange-fake/
769,https://animeslayerweb.com/anime/mashiro-no-oto/
770,https://animeslayerweb.com/anime/overlord-ii/
771,https://animeslayerweb.com/anime/fuufu-ijou-koibito-miman/
772,https://animeslayerweb.com/anime/build-divide-code-black/
773,https://animeslayerweb.com/anime/nanatsu-no-taizai-mokushiroku-no-yonkishi/
774,https://animeslayerweb.com/anime/blue-archive-the-animation/
775,https://animeslayerweb.com/anime/dr-stone-new-world/
776,https://animeslayerweb.com/anime/dragon-raja-long-zu/
777,https://animeslayerweb.com/anime/oshi-no-ko/
778,https://animeslayerweb.com/anime/wonder-egg-priority/
779,https://animeslayerweb.com/anime/kanojo-okarishimasu-3rd-season/
780,https://animeslayerweb.com/anime/date-a-live-v/
781,https://animeslayerweb.com/anime/saikyou-no-ousama-nidome-no-jinsei-wa-nani-wo-suru/
782,https://animeslayerweb.com/anime/class-no-daikirai-na-joshi-to-kekkon-suru-koto-ni-natta/
783,https://animeslayerweb.com/anime/yaku-nara-mug-cup-mo/
784,https://animeslayerweb.com/anime/ars-no-kyojuu/
785,https://animeslayerweb.com/anime/shinmai-maou-no-testament/
786,https://animeslayerweb.com/anime/muv-luv-alternative-2nd-season/
787,https://animeslayerweb.com/anime/everyday-host/
788,https://animeslayerweb.com/anime/shiroi-suna-no-aquatope/
789,https://animeslayerweb.com/anime/fuguushoku-kanteishi-ga-jitsu-wa-saikyou-datta/
790,https://animeslayerweb.com/anime/paripi-koumei/
791,https://animeslayerweb.com/anime/shingeki-no-bahamut-virgin-soul/
792,https://animeslayerweb.com/anime/inuyashiki/
793,https://animeslayerweb.com/anime/tales-of-zestiria-the-cross-2nd-season/
794,https://animeslayerweb.com/anime/ajin-part-2/
795,https://animeslayerweb.com/anime/btooom/
796,https://animeslayerweb.com/anime/tate-no-yuusha-no-nariagari-season-3/
797,https://animeslayerweb.com/anime/shin-tennis-no-oujisama-u-17-world-cup/
798,https://animeslayerweb.com/anime/shy-2nd-season/
799,https://animeslayerweb.com/anime/genjitsu-shugi-yuusha-no-oukoku-saikenki-part-2/
800,https://animeslayerweb.com/anime/new-game-2/
801,https://animeslayerweb.com/anime/yuu%e2%98%86yuu%e2%98%86hakusho/
802,https://animeslayerweb.com/anime/date-a-live-iv/
803,https://animeslayerweb.com/anime/god-eater/
804,https://animeslayerweb.com/anime/yahari-ore-no-seishun-love-comedy-wa-machigatteiru-zoku/
805,https://animeslayerweb.com/anime/kamisama-ni-natta-hi/
806,https://animeslayerweb.com/anime/date-a-live-iii/
807,https://animeslayerweb.com/anime/shingeki-no-kyojin-the-final-season-part-2/
808,https://animeslayerweb.com/anime/irozuku-sekai-no-ashita-kara/
809,https://animeslayerweb.com/anime/urusei-yatsura-2022-2nd-season/
810,https://animeslayerweb.com/anime/akame-ga-kill/
811,https://animeslayerweb.com/anime/boku-dake-ga-inai-machi/
812,https://animeslayerweb.com/anime/dekiru-neko-wa-kyou-mo-yuuutsu/
813,https://animeslayerweb.com/anime/yuusha-yamemasu/
814,https://animeslayerweb.com/anime/naruto-shippuuden/
815,https://animeslayerweb.com/anime/ao-no-exorcist-yuki-no-hate-hen/
816,https://animeslayerweb.com/anime/anne-shirley/
817,https://animeslayerweb.com/anime/nejimaki-seirei-senki-tenkyou-no-alderamin/
818,https://animeslayerweb.com/anime/houkago-shounen-hanako-kun/
819,https://animeslayerweb.com/anime/dandadan/
820,https://animeslayerweb.com/anime/baraou-no-souretsu/
821,https://animeslayerweb.com/anime/undead-girl-murder-farce/
822,https://animeslayerweb.com/anime/taimadou-gakuen-35-shiken-shoutai/
823,https://animeslayerweb.com/anime/bleach-sennen-kessen-hen/
824,https://animeslayerweb.com/anime/heroine-tarumono-kiraware-heroine-to-naisho-no-oshigoto/
825,https://animeslayerweb.com/anime/one-piece-film-strong-world/
826,https://animeslayerweb.com/anime/delicos-nursery/
827,https://animeslayerweb.com/anime/pon-no-michi/
828,https://animeslayerweb.com/anime/summer-pockets/
829,https://animeslayerweb.com/anime/soul-eater/
830,https://animeslayerweb.com/anime/idinvaded/
831,https://animeslayerweb.com/anime/gintama-shirogane-no-tamashii-hen/
832,https://animeslayerweb.com/anime/majo-to-yajuu/
833,https://animeslayerweb.com/anime/jojo-no-kimyou-na-bouken-tv/
834,https://animeslayerweb.com/anime/kimi-to-boku-no-saigo-no-senjou-aruiwa-sekai-ga-hajimaru-seisen-season-ii/
835,https://animeslayerweb.com/anime/sentai-red-isekai-de-boukensha-ni-naru/
836,https://animeslayerweb.com/anime/princess-lover/
837,https://animeslayerweb.com/anime/yofukashi-no-uta/
838,https://animeslayerweb.com/anime/hazurewaku-no-joutai-ijou-skill-de-saikyou-ni-natta-ore-ga-subete-wo-juurin-suru-made/
839,https://animeslayerweb.com/anime/zero-kara-hajimeru-mahou-no-sho/
840,https://animeslayerweb.com/anime/netoge-no-yome-wa-onnanoko-ja-nai-to-omotta/
841,https://animeslayerweb.com/anime/one-piece-movie-05-norowareta-seiken/
842,https://animeslayerweb.com/anime/no-game-no-life/
843,https://animeslayerweb.com/anime/kyoukai-no-kanata/
844,https://animeslayerweb.com/anime/shingeki-no-kyojin-the-final-season/
845,https://animeslayerweb.com/anime/www-working/
846,https://animeslayerweb.com/anime/4-nin-wa-sorezore-uso-wo-tsuku/
847,https://animeslayerweb.com/anime/nanatsu-no-taizai-seisen-no-shirushi/
848,https://animeslayerweb.com/anime/arcane-season-2/
849,https://animeslayerweb.com/anime/hibi-wa-sugiredo-meshi-umashi/
850,https://animeslayerweb.com/anime/kenja-no-mago/
851,https://animeslayerweb.com/anime/qualidea-code/
852,https://animeslayerweb.com/anime/bleach/
853,https://animeslayerweb.com/anime/usagi-drop/
854,https://animeslayerweb.com/anime/isekai-nonbiri-nouka/
855,https://animeslayerweb.com/anime/majutsushi-orphen-hagure-tabi-seiiki-hen/
856,https://animeslayerweb.com/anime/noblesse/
857,https://animeslayerweb.com/anime/runway-de-waratte/
858,https://animeslayerweb.com/anime/dungeon-ni-deai-wo-motomeru-no-wa-machigatteiru-darou-ka-gaiden-sword-oratoria/
859,https://animeslayerweb.com/anime/tsuki-ga-michibiku-isekai-douchuu/
860,https://animeslayerweb.com/anime/lord-el-melloi-ii-sei-no-jikenbo-rail-zeppelin-grace-note/
861,https://animeslayerweb.com/anime/teppen/
862,https://animeslayerweb.com/anime/houkago-teibou-nisshi/
863,https://animeslayerweb.com/anime/magatsu-wahrheit-zuerst/
864,https://animeslayerweb.com/anime/kanata-no-astra-2/
865,https://animeslayerweb.com/anime/grand-blue/
866,https://animeslayerweb.com/anime/bakuman-3rd-season/
867,https://animeslayerweb.com/anime/kanojo-okarishimasu-2nd-season/
868,https://animeslayerweb.com/anime/arifureta-shokugyou-de-sekai-saikyou-season-3/
869,https://animeslayerweb.com/anime/puniru-wa-kawaii-slime/
870,https://animeslayerweb.com/anime/tono-to-inu/
871,https://animeslayerweb.com/anime/tokyo-magnitude-8-0/
872,https://animeslayerweb.com/anime/kuroshitsuji-kishuku-gakkou-hen/
873,https://animeslayerweb.com/anime/sabiiro-no-armor-reimei/
874,https://animeslayerweb.com/anime/kimetsu-no-yaiba/
875,https://animeslayerweb.com/anime/one-piece-film-gold/
876,https://animeslayerweb.com/anime/saihate-no-paladin/
877,https://animeslayerweb.com/anime/ore-wa-subete-wo-parry-suru-gyaku-kanchigai-no-sekai-saikyou-wa-boukensha-ni-naritai/
878,https://animeslayerweb.com/anime/death-march-kara-hajimaru-isekai-kyousoukyoku/
879,https://animeslayerweb.com/anime/high-school-dxd-born/
880,https://animeslayerweb.com/anime/digimon-adventure/
881,https://animeslayerweb.com/anime/natsume-yuujinchou-shichi/
882,https://animeslayerweb.com/anime/bungou-stray-dogs-4th-season/
883,https://animeslayerweb.com/anime/death-parade/
884,https://animeslayerweb.com/anime/tsundere-akuyaku-reijou-liselotte-to-jikkyou-no-endou-kun-to-kaisetsu-no-kobayashi-san/
885,https://animeslayerweb.com/anime/godzilla-s-p/
886,https://animeslayerweb.com/anime/shachou-battle-no-jikan-desu/
887,https://animeslayerweb.com/anime/majo-no-tabitabi/
888,https://animeslayerweb.com/anime/haikyuu-karasuno-koukou-vs-shiratorizawa-gakuen-koukou/
889,https://animeslayerweb.com/anime/majutsushi-orphen-hagure-tabi-urbanrama-hen/
890,https://animeslayerweb.com/anime/vinland-saga-season-2/
891,https://animeslayerweb.com/anime/one-piece-film-strong-world-episode-0/
892,https://animeslayerweb.com/anime/nokemono-tachi-no-yoru/
893,https://animeslayerweb.com/anime/hana-wa-saku-shura-no-gotoku/
894,https://animeslayerweb.com/anime/mahoutsukai-no-yome-season-2-part-2/
895,https://animeslayerweb.com/anime/kidou-senshi-gundam-suisei-no-majo-season-2/
896,https://animeslayerweb.com/anime/himitsukessha-taka-no-tsume-golden-spell/
897,https://animeslayerweb.com/anime/one-piece-episode-of-merry-mou-hitori-no-nakama-no-monogatari/
898,https://animeslayerweb.com/anime/isekai-shokudou/
899,https://animeslayerweb.com/anime/uchi-no-shishou-wa-shippo-ga-nai/
900,https://animeslayerweb.com/anime/fairy-tail-final-series/
901,https://animeslayerweb.com/anime/karakai-jouzu-no-takagi-san-3/
902,https://animeslayerweb.com/anime/dead-dead-demons-dededede-destruction-ona/
903,https://animeslayerweb.com/anime/kenka-dokugaku/
904,https://animeslayerweb.com/anime/ijiranaide-nagatoro-san/
905,https://animeslayerweb.com/anime/tonikaku-kawaii-2nd-season/
906,https://animeslayerweb.com/anime/kamonohashi-ron-no-kindan-suiri/
907,https://animeslayerweb.com/anime/zombieland-saga/
908,https://animeslayerweb.com/anime/86-part-2/
909,https://animeslayerweb.com/anime/seven-knights-revolution-eiyuu-no-keishousha/
910,https://animeslayerweb.com/anime/yarinaoshi-reijou-wa-ryuutei-heika-wo-kouryakuchuu/
911,https://animeslayerweb.com/anime/chou-futsuu-ken-chiba-densetsu/
912,https://animeslayerweb.com/anime/boku-no-kokoro-no-yabai-yatsu/
913,https://animeslayerweb.com/anime/kaguya-sama-wa-kokurasetai-tensai-tachi-no-renai-zunousen-2/
914,https://animeslayerweb.com/anime/tatoeba-last-dungeon-mae-no-mura-no-shounen-ga-joban-no-machi-de-kurasu-youna-monogatari/
915,https://animeslayerweb.com/anime/bungou-stray-dogs-2nd-season/
916,https://animeslayerweb.com/anime/suki-tte-ii-na-yo/
917,https://animeslayerweb.com/anime/boku-wa-tomodachi-ga-sukunai/
918,https://animeslayerweb.com/anime/katsute-mahou-shoujo-to-aku-wa-tekitai-shiteita/
919,https://animeslayerweb.com/anime/kumarba-season-2/
920,https://animeslayerweb.com/anime/dr-stone-new-world-part-2/
921,https://animeslayerweb.com/anime/koori-zokusei-danshi-to-cool-na-douryou-joshi/
922,https://animeslayerweb.com/anime/aiyou-de-mishi/
923,https://animeslayerweb.com/anime/kuma-kuma-kuma-bear-punch/
924,https://animeslayerweb.com/anime/kono-kaisha-ni-suki-na-hito-ga-imasu/
925,https://animeslayerweb.com/anime/kaguya-sama-wa-kokurasetai-ultra-romantic/
926,https://animeslayerweb.com/anime/maou-gakuin-no-futekigousha-shijou-saikyou-no-maou-no-shiso-tensei-shite-shison-tachi-no-gakkou-e-kayou-ii-part-2/
927,https://animeslayerweb.com/anime/magic-maker-isekai-mahou-no-tsukurikata/
928,https://animeslayerweb.com/anime/monster-musume-no-iru-nichijou/
929,https://animeslayerweb.com/anime/mushoku-tensei-ii-isekai-ittara-honki-dasu-part-2/
930,https://animeslayerweb.com/anime/otome-game-sekai-wa-mob-ni-kibishii-sekai-desu/
931,https://animeslayerweb.com/anime/mairimashita-iruma-kun-3rd-season/
932,https://animeslayerweb.com/anime/hanebado/
933,https://animeslayerweb.com/anime/uniteup/
934,https://animeslayerweb.com/anime/tsuujou-kougeki-ga-zentai-kougeki-de-ni-kai-kougeki-no-okaasan-wa-suki-desu-ka/
935,https://animeslayerweb.com/anime/3-gatsu-no-lion-2nd-season/
936,https://animeslayerweb.com/anime/slime-taoshite-300-nen-shiranai-uchi-ni-level-max-ni-nattemashita/
937,https://animeslayerweb.com/anime/warau-arsnotoria-sun/
938,https://animeslayerweb.com/anime/hypnosis-mic-division-rap-battle-rhyme-anima/
939,https://animeslayerweb.com/anime/isekai-de-mofumofu-nadenade-suru-tame-ni-ganbattemasu/
940,https://animeslayerweb.com/anime/remonster/
941,https://animeslayerweb.com/anime/ganbare-douki-chan/
942,https://animeslayerweb.com/anime/compass-2-0-sentou-setsuri-kaiseki-system/
943,https://animeslayerweb.com/anime/muteking-the-dancing-hero/
944,https://animeslayerweb.com/anime/mahou-sensou/
945,https://animeslayerweb.com/anime/hitoribocchi-no-isekai-kouryaku/
946,https://animeslayerweb.com/anime/sonny-boy/
947,https://animeslayerweb.com/anime/code-geass-hangyaku-no-lelouch/
948,https://animeslayerweb.com/anime/youkoso-jitsuryoku-shijou-shugi-no-kyoushitsu-e-2nd-season/
949,https://animeslayerweb.com/anime/kaii-to-otome-to-kamikakushi/
950,https://animeslayerweb.com/anime/rokka-no-yuusha/
951,https://animeslayerweb.com/anime/shingeki-no-kyojin-the-final-season-kanketsu-hen/
952,https://animeslayerweb.com/anime/yuzuki-san-chi-no-yonkyoudai/
953,https://animeslayerweb.com/anime/maou-gakuin-no-futekigousha-shijou-saikyou-no-maou-no-shiso-tensei-shite-shison-tachi-no-gakkou-e-kayou-ii/
954,https://animeslayerweb.com/anime/shinkalion-change-the-world/
955,https://animeslayerweb.com/anime/hanyou-no-yashahime-sengoku-otogizoushi/
956,https://animeslayerweb.com/anime/seijo-no-maryoku-wa-bannou-desu/
957,https://animeslayerweb.com/anime/black%e2%98%85%e2%98%85rock-shooter-dawn-fall/
958,https://animeslayerweb.com/anime/black-bullet/
959,https://animeslayerweb.com/anime/shikizakura/
960,https://animeslayerweb.com/anime/black-clover/
961,https://animeslayerweb.com/anime/tokyo-revengers-seiya-kessen-hen/
962,https://animeslayerweb.com/anime/sword-art-online/
963,https://animeslayerweb.com/anime/one-piece-movie-07-karakuri-jou-no-mecha-kyohei/
964,https://animeslayerweb.com/anime/shi-cao-lao-long-bei-guan-yi-e-long-zhi-ming-2nd-season/
965,https://animeslayerweb.com/anime/heike-monogatari/
966,https://animeslayerweb.com/anime/monogatari-series-second-season/
967,https://animeslayerweb.com/anime/katainaka-no-ossan-kensei-ni-naru/
968,https://animeslayerweb.com/anime/zatsu-tabi-thats-journey/
969,https://animeslayerweb.com/anime/kami-no-tou/
970,https://animeslayerweb.com/anime/kaguya-sama-wa-kokurasetai-tensai-tachi-no-renai-zunousen/
971,https://animeslayerweb.com/anime/the-idolmster-cinderella-girls-u149/
972,https://animeslayerweb.com/anime/world-trigger-3rd-season/
973,https://animeslayerweb.com/anime/gekkan-mousou-kagaku/
974,https://animeslayerweb.com/anime/hundred/
975,https://animeslayerweb.com/anime/akuyaku-reijou-nanode-last-boss-wo-kattemimashita/
976,https://animeslayerweb.com/anime/devils-line/
977,https://animeslayerweb.com/anime/goukon-ni-ittara-onna-ga-inakatta-hanashi/
978,https://animeslayerweb.com/anime/b-project-netsuretsulove-call/
979,https://animeslayerweb.com/anime/deep-insanity-the-lost-child/
980,https://animeslayerweb.com/anime/technoroid-overmind/
981,https://animeslayerweb.com/anime/mahouka-koukou-no-rettousei-3rd-season/
982,https://animeslayerweb.com/anime/s-rank-monster-no-behemoth-dakedo-neko-to-machigawarete-elf-musume-no-pet-toshite-kurashitemasu/
983,https://animeslayerweb.com/anime/kaguya-sama-wa-kokurasetai-first-kiss-wa-owaranai/
984,https://animeslayerweb.com/anime/dekoboko-majo-no-oyako-jijou/
985,https://animeslayerweb.com/anime/edens-zero-2nd-season/
986,https://animeslayerweb.com/anime/mahoutsukai-no-yome-season-2/
987,https://animeslayerweb.com/anime/ishura-2nd-season-2/
988,https://animeslayerweb.com/anime/kono-subarashii-sekai-ni-shukufuku-wo-3/
989,https://animeslayerweb.com/anime/oshi-no-ko-2nd-season/
990,https://animeslayerweb.com/anime/bikkurimen/
991,https://animeslayerweb.com/anime/bartender-kami-no-glass/
992,https://animeslayerweb.com/anime/kakushigoto/
993,https://animeslayerweb.com/anime/tsukiuta-the-animation-2/
994,https://animeslayerweb.com/anime/all-out/
995,https://animeslayerweb.com/anime/kekkai-sensen/
996,https://animeslayerweb.com/anime/kimi-no-koto-ga-daidaidaidaidaisuki-na-100-nin-no-kanojo-2nd-season/
997,https://animeslayerweb.com/anime/princession-orchestra/
998,https://animeslayerweb.com/anime/beastars/
999,https://animeslayerweb.com/anime/muhyo-to-rouji-no-mahouritsu-soudan-jimusho-2nd-season/
1000,https://animeslayerweb.com/anime/ranma-%c2%bd-2024/
1001,https://animeslayerweb.com/anime/kono-oto-tomare/
1002,https://animeslayerweb.com/anime/cowboy-bebop/
1003,https://animeslayerweb.com/anime/monster/
1004,https://animeslayerweb.com/anime/sekai-saikou-no-ansatsusha-isekai-kizoku-ni-tensei-suru/
1005,https://animeslayerweb.com/anime/nomad-megalo-box-2/
1006,https://animeslayerweb.com/anime/ansatsu-kyoushitsu-2nd-season/
1007,https://animeslayerweb.com/anime/brave-10/
1008,https://animeslayerweb.com/anime/megumi-no-daigo-kyuukoku-no-orange/
1009,https://animeslayerweb.com/anime/scarlet-nexus/
1010,https://animeslayerweb.com/anime/haikyuu/
1011,https://animeslayerweb.com/anime/grimm-kumikyoku/
1012,https://animeslayerweb.com/anime/ooi-tonbo/
1013,https://animeslayerweb.com/anime/tate-no-yuusha-no-nariagari-season-2/
1014,https://animeslayerweb.com/anime/boku-no-hero-academia-4th-season/
1015,https://animeslayerweb.com/anime/eiyuuou-bu-wo-kiwameru-tame-tenseisu-soshite-sekai-saikyou-no-minarai-kishi%e2%99%80/
1016,https://animeslayerweb.com/anime/tomodachi-game/
1017,https://animeslayerweb.com/anime/ex-arm/
1018,https://animeslayerweb.com/anime/the-legend-of-heroes-sen-no-kiseki-northern-war/
1019,https://animeslayerweb.com/anime/busou-shoujo-machiavellianism/
1020,https://animeslayerweb.com/anime/utawarerumono-futari-no-hakuoro/
1021,https://animeslayerweb.com/anime/zombieland-saga-revenge/
1022,https://animeslayerweb.com/anime/tensei-kenja-no-isekai-life-dai-2-no-shokugyou-wo-ete-sekai-saikyou-ni-narimashita/
1023,https://animeslayerweb.com/anime/kono-sekai-wa-fukanzen-sugiru/
1024,https://animeslayerweb.com/anime/urusei-yatsura-2022-2/
1025,https://animeslayerweb.com/anime/kimitachi-wa-dou-ikiru-ka/
1026,https://animeslayerweb.com/anime/dungeon-ni-deai-wo-motomeru-no-wa-machigatteiru-darou-ka-ii/
1027,https://animeslayerweb.com/anime/rock-wa-lady-no-tashinami-deshite/
1028,https://animeslayerweb.com/anime/sakurako-san-no-ashimoto-ni-wa-shitai-ga-umatteiru/
1029,https://animeslayerweb.com/anime/higeki-no-genkyou-to-naru-saikyou-gedou-last-boss-joou-wa-tami-no-tame-ni-tsukushimasu/
1030,https://animeslayerweb.com/anime/kimetsu-no-yaiba-katanakaji-no-sato-hen/
1031,https://animeslayerweb.com/anime/kawagoe-boys-sing/
1032,https://animeslayerweb.com/anime/aldnoah-zero/
1033,https://animeslayerweb.com/anime/shingeki-no-kyojin-season-2/
1034,https://animeslayerweb.com/anime/tengen-toppa-gurren-lagann/
1035,https://animeslayerweb.com/anime/berserk-2nd-season/
1036,https://animeslayerweb.com/anime/princess-connect-redive/
1037,https://animeslayerweb.com/anime/kage-no-jitsuryokusha-ni-naritakute-2nd-season/
1038,https://animeslayerweb.com/anime/yahari-ore-no-seishun-love-comedy-wa-machigatteiru/
1039,https://animeslayerweb.com/anime/eromanga-sensei/
1040,https://animeslayerweb.com/anime/code-geass-hangyaku-no-lelouch-r2/
1041,https://animeslayerweb.com/anime/yatogame-chan-kansatsu-nikki-sansatsume/
1042,https://animeslayerweb.com/anime/asatir-2-mirai-no-mukashi-banashi/
1043,https://animeslayerweb.com/anime/douse-koishite-shimaunda/
1044,https://animeslayerweb.com/anime/monsters-ippyaku-sanjou-hiryuu-jigoku/
1045,https://animeslayerweb.com/anime/buddy-daddies/
1046,https://animeslayerweb.com/anime/black-lagoon/
1047,https://animeslayerweb.com/anime/prima-doll/
1048,https://animeslayerweb.com/anime/one-piece-gyojin-tou-hen/
1049,https://animeslayerweb.com/anime/strike-the-blood/
1050,https://animeslayerweb.com/anime/hataraku-maou-sama-2/
1051,https://animeslayerweb.com/anime/kakegurui-twin/
1052,https://animeslayerweb.com/anime/ushio-to-tora-tv-2nd-season/
1053,https://animeslayerweb.com/anime/nanatsu-no-taizai-mokushiroku-no-yonkishi-2nd-season/
1054,https://animeslayerweb.com/anime/noumin-kanren-no-skill-bakka-agetetara-nazeka-tsuyoku-natta/
1055,https://animeslayerweb.com/anime/boushoku-no-berserk/
1056,https://animeslayerweb.com/anime/kings-raid-ishi-wo-tsugumono-tachi/
1057,https://animeslayerweb.com/anime/wind-breaker/
1058,https://animeslayerweb.com/anime/synduality-noir-part-2/
1059,https://animeslayerweb.com/anime/momentary-lily/
1060,https://animeslayerweb.com/anime/fruits-basket-2nd-season/
1061,https://animeslayerweb.com/anime/vigilante-boku-no-hero-academia-illegals/
1062,https://animeslayerweb.com/anime/ookami-shoujo-to-kuro-ouji/
1063,https://animeslayerweb.com/anime/kimetsu-no-yaiba-hashira-geiko-hen/
1064,https://animeslayerweb.com/anime/karakai-jouzu-no-takagi-san/
1065,https://animeslayerweb.com/anime/na-nare-hana-nare/
1066,https://animeslayerweb.com/anime/tokyo-revengers/
1067,https://animeslayerweb.com/anime/bokura-wa-minna-kawai-sou/
1068,https://animeslayerweb.com/anime/sentouin-hakenshimasu/
1069,https://animeslayerweb.com/anime/liar-liar/
1070,https://animeslayerweb.com/anime/kenja-no-deshi-wo-nanoru-kenja/
1071,https://animeslayerweb.com/anime/100-man-no-inochi-no-ue-ni-ore-wa-tatteiru/
1072,https://animeslayerweb.com/anime/subarashiki-kono-sekai-the-animation/
1073,https://animeslayerweb.com/anime/tensei-kizoku-no-isekai-boukenroku-jichou-wo-shiranai-kamigami-no-shito/
1074,https://animeslayerweb.com/anime/mikakunin-de-shinkoukei/
1075,https://animeslayerweb.com/anime/megami-ryou-no-ryoubo-kun/
1076,https://animeslayerweb.com/anime/bungou-stray-dogs-3rd-season/
1077,https://animeslayerweb.com/anime/ooi-tonbo-2nd-season/
1078,https://animeslayerweb.com/anime/punirunes-2/
1079,https://animeslayerweb.com/anime/gin-no-saji-2nd-season/
1080,https://animeslayerweb.com/anime/ani-ni-tsukeru-kusuri-wa-nai-4/
1081,https://animeslayerweb.com/anime/taishou-otome-otogibanashi/
1082,https://animeslayerweb.com/anime/re-main/
1083,https://animeslayerweb.com/anime/love-live-nijigasaki-gakuen-school-idol-doukoukai-2nd-season/
1084,https://animeslayerweb.com/anime/oroka-na-tenshi-wa-akuma-to-odoru/
1085,https://animeslayerweb.com/anime/ao-no-exorcist-kyoto-fujouou-hen/
1086,https://animeslayerweb.com/anime/synduality-noir/
1087,https://animeslayerweb.com/anime/naruto/
1088,https://animeslayerweb.com/anime/dr-stone-stone-wars/
1089,https://animeslayerweb.com/anime/magi-the-kingdom-of-magic/
1090,https://animeslayerweb.com/anime/goblin-slayer-ii/
1091,https://animeslayerweb.com/anime/shiki/
1092,https://animeslayerweb.com/anime/chuuzenji-sensei-mononoke-kougiroku-sensei-ga-nazo-wo-hodoite-shimau-kara/
1093,https://animeslayerweb.com/anime/isekai-shokudou-2/
1094,https://animeslayerweb.com/anime/yakusoku-no-neverland-2nd-season/
1095,https://animeslayerweb.com/anime/kyokou-suiri/
1096,https://animeslayerweb.com/anime/so-ra-no-wo-to/
1097,https://animeslayerweb.com/anime/tensei-kizoku-kantei-skill-de-nariagaru-2nd-season/
1098,https://animeslayerweb.com/anime/kimi-wa-meido-sama/
1099,https://animeslayerweb.com/anime/rwby-hyousetsu-teikoku/
1100,https://animeslayerweb.com/anime/violet-evergarden/
1101,https://animeslayerweb.com/anime/highschool-of-the-dead/
1102,https://animeslayerweb.com/anime/bungou-stray-dogs/
1103,https://animeslayerweb.com/anime/yuukoku-no-moriarty/
1104,https://animeslayerweb.com/anime/hataraku-maou-sama/
1105,https://animeslayerweb.com/anime/deatte-5-byou-de-battle/
1106,https://animeslayerweb.com/anime/tate-no-yuusha-no-nariagari/
1107,https://animeslayerweb.com/anime/hoshi-no-samidare/
1108,https://animeslayerweb.com/anime/leadale-no-daichi-nite/
1109,https://animeslayerweb.com/anime/tensai-ouji-no-akaji-kokka-saisei-jutsu/
1110,https://animeslayerweb.com/anime/nanatsu-no-taizai-funnu-no-shinpan/
1111,https://animeslayerweb.com/anime/chuunibyou-demo-koi-ga-shitai-ren/
1112,https://animeslayerweb.com/anime/radiant-2nd-season/
1113,https://animeslayerweb.com/anime/seirei-gensouki-2-2/
1114,https://animeslayerweb.com/anime/dungeon-no-naka-no-hito/
1115,https://animeslayerweb.com/anime/kuroshitsuji-midori-no-majo-hen/
1116,https://animeslayerweb.com/anime/fairy-tail-100-nen-quest/
1117,https://animeslayerweb.com/anime/yowamushi-pedal-limit-break/
1118,https://animeslayerweb.com/anime/acca-13-ku-kansatsu-ka/
1119,https://animeslayerweb.com/anime/isekai-suicide-squad/
1120,https://animeslayerweb.com/anime/koi-wa-futago-de-warikirenai/
1121,https://animeslayerweb.com/anime/ninja-kamui/
1122,https://animeslayerweb.com/anime/kawaisugi-crisis/
1123,https://animeslayerweb.com/anime/isekai-shoukan-wa-nidome-desu/
1124,https://animeslayerweb.com/anime/uchuujin-muumuu/
1125,https://animeslayerweb.com/anime/magia-record-mahou-shoujo-madoka%e2%98%86magica-gaiden-final-season-asaki-yume-no-akatsuki/
1126,https://animeslayerweb.com/anime/triage-x/
1127,https://animeslayerweb.com/anime/shuumatsu-no-walkure-ii/
1128,https://animeslayerweb.com/anime/ochikobore-fruit-tart/
1129,https://animeslayerweb.com/anime/kami-no-tou-ouji-no-kikan/
1130,https://animeslayerweb.com/anime/shokugeki-no-souma/
1131,https://animeslayerweb.com/anime/yuusha-ga-shinda/
1132,https://animeslayerweb.com/anime/mushikaburi-hime/
1133,https://animeslayerweb.com/anime/mieruko-chan/
1134,https://animeslayerweb.com/anime/jiisan-baasan-wakagaeru/
1135,https://animeslayerweb.com/anime/fate-stay-night-unlimited-blade-works/
1136,https://animeslayerweb.com/anime/nageki-no-bourei-wa-intai-shitai/
1137,https://animeslayerweb.com/anime/shokugeki-no-souma-ni-no-sara/
1138,https://animeslayerweb.com/anime/jibaku-shounen-hanako-kun-2/
1139,https://animeslayerweb.com/anime/isshuukan-friends/
1140,https://animeslayerweb.com/anime/ijiranaide-nagatoro-san-2nd-attack/
1141,https://animeslayerweb.com/anime/sousei-no-aquarion-myth-of-emotions/
1142,https://animeslayerweb.com/anime/meitantei-conan-zero-no-tea-time/
1143,https://animeslayerweb.com/anime/hyouken-no-majutsushi-ga-sekai-wo-suberu/
1144,https://animeslayerweb.com/anime/himitsu-no-aipri/
1145,https://animeslayerweb.com/anime/masou-gakuen-hxh/
1146,https://animeslayerweb.com/anime/azur-lane-bisoku-zenshin/
1147,https://animeslayerweb.com/anime/one-piece-3d2y-ace-no-shi-wo-koete-luffy-nakama-tono-chikai/
1148,https://animeslayerweb.com/anime/golden-kamuy-4th-season/
1149,https://animeslayerweb.com/anime/saenai-heroine-no-sodatekata-%e2%99%ad/
1150,https://animeslayerweb.com/anime/mamahaha-no-tsurego-ga-motokano-datta/
1151,https://animeslayerweb.com/anime/megami-no-cafe-terrace-2nd-season/
1152,https://animeslayerweb.com/anime/eiyuu-kyoushitsu/
1153,https://animeslayerweb.com/anime/ameku-takao-no-suiri-karte/
1154,https://animeslayerweb.com/anime/3-gatsu-no-lion/
1155,https://animeslayerweb.com/anime/rezero-kara-hajimeru-isekai-seikatsu-3rd-season/
1156,https://animeslayerweb.com/anime/snack-basue/
1157,https://animeslayerweb.com/anime/kimi-ni-todoke-2nd-season/
1158,https://animeslayerweb.com/anime/otome-game-no-hametsu-flag-shika-nai-akuyaku-reijou-ni-tensei-shiteshimatta/
1159,https://animeslayerweb.com/anime/durarara/
1160,https://animeslayerweb.com/anime/bucchigire/
1161,https://animeslayerweb.com/anime/jaku-chara-tomozaki-kun/
1162,https://animeslayerweb.com/anime/teogonia/
1163,https://animeslayerweb.com/anime/overtake/
1164,https://animeslayerweb.com/anime/nisekoi/
1165,https://animeslayerweb.com/anime/princess-connect-redive-season-2/
1166,https://animeslayerweb.com/anime/babylon/
1167,https://animeslayerweb.com/anime/shadowverse/
1168,https://animeslayerweb.com/anime/vazzrock-the-animation/
1169,https://animeslayerweb.com/anime/high-card-season-2/
1170,https://animeslayerweb.com/anime/estab-life-great-escape/
1171,https://animeslayerweb.com/anime/new-game/
1172,https://animeslayerweb.com/anime/ore-dake-haireru-kakushi-dungeon/
1173,https://animeslayerweb.com/anime/puraore-pride-of-orange/
1174,https://animeslayerweb.com/anime/touhai-ura-rate-mahjong-touhai-roku/
1175,https://animeslayerweb.com/anime/uramichi-oniisan/
1176,https://animeslayerweb.com/anime/masamune-kun-no-revenge-r/
1177,https://animeslayerweb.com/anime/hametsu-no-oukoku/
1178,https://animeslayerweb.com/anime/walkure-romanze/
1179,https://animeslayerweb.com/anime/maou-sama-retry-r/
1180,https://animeslayerweb.com/anime/nazotoki-wa-dinner-no-ato-de/
1181,https://animeslayerweb.com/anime/mato-seihei-no-slave/
1182,https://animeslayerweb.com/anime/magi-sinbad-no-bouken-tv/
1183,https://animeslayerweb.com/anime/momochi-san-chi-no-ayakashi-ouji/
1184,https://animeslayerweb.com/anime/little-busters/
1185,https://animeslayerweb.com/anime/psycho-pass-2/
1186,https://animeslayerweb.com/anime/vanitas-no-karte/
1187,https://animeslayerweb.com/anime/ao-no-hako/
1188,https://animeslayerweb.com/anime/shironeko-project-zero-chronicle/
1189,https://animeslayerweb.com/anime/genjitsu-no-yohane-sunshine-in-the-mirror/
1190,https://animeslayerweb.com/anime/tsurune-tsunagari-no-issha-2/
1191,https://animeslayerweb.com/anime/sankarea/
1192,https://animeslayerweb.com/anime/jigokuraku/
1193,https://animeslayerweb.com/anime/uzaki-chan-wa-asobitai-double/
1194,https://animeslayerweb.com/anime/shokugeki-no-souma-san-no-sara-tootsuki-ressha-hen/
1195,https://animeslayerweb.com/anime/gimai-seikatsu/
1196,https://animeslayerweb.com/anime/owari-no-seraph/
1197,https://animeslayerweb.com/anime/zankyou-no-terror/
1198,https://animeslayerweb.com/anime/tondemo-skill-de-isekai-hourou-meshi/
1199,https://animeslayerweb.com/anime/deaimon/
1200,https://animeslayerweb.com/anime/tasokare-hotel/
1201,https://animeslayerweb.com/anime/yesterday-wo-utatte/
1202,https://animeslayerweb.com/anime/yamada-kun-to-lv999-no-koi-wo-suru/
1203,https://animeslayerweb.com/anime/gin-no-saji/
1204,https://animeslayerweb.com/anime/boku-no-hero-academia-2nd-season/
1205,https://animeslayerweb.com/anime/vtuber-nandaga-haishin-kiri-wasuretara-densetsu-ni-natteta/
1206,https://animeslayerweb.com/anime/build-divide-code-white/
1207,https://animeslayerweb.com/anime/vanitas-no-karte-part-2/
1208,https://animeslayerweb.com/anime/sakugan/
1209,https://animeslayerweb.com/anime/yeosin-gangnim/
1210,https://animeslayerweb.com/anime/maiko-san-chi-no-makanai-san/
1211,https://animeslayerweb.com/anime/dungeon-ni-deai-wo-motomeru-no-wa-machigatteiru-darou-ka-iv-fuka-shou-yakusai-hen-2/
1212,https://animeslayerweb.com/anime/miru-watashi-no-mirai/
1213,https://animeslayerweb.com/anime/blade-runner-black-lotus/
1214,https://animeslayerweb.com/anime/boku-no-hero-academia-6th-season/
1215,https://animeslayerweb.com/anime/ssss-dynazenon/
1216,https://animeslayerweb.com/anime/tu-bian-yingxiong-x/
1217,https://animeslayerweb.com/anime/negaposi-angler/
1218,https://animeslayerweb.com/anime/bullbuster/
1219,https://animeslayerweb.com/anime/mahoutsukai-no-yakusoku/
1220,https://animeslayerweb.com/anime/rail-romanesque-2/
1221,https://animeslayerweb.com/anime/shinigami-bocchan-to-kuro-maid-2nd-season/
1222,https://animeslayerweb.com/anime/dies-irae/
1223,https://animeslayerweb.com/anime/mashle-2nd-season/
1224,https://animeslayerweb.com/anime/durararax2-ten/
1225,https://animeslayerweb.com/anime/youkoso-jitsuryoku-shijou-shugi-no-kyoushitsu-e-3rd-season/
1226,https://animeslayerweb.com/anime/one-piece-movie-02-nejimaki-jima-no-daibouken/
1227,https://animeslayerweb.com/anime/nanatsu-no-maken-ga-shihai-suru/
1228,https://animeslayerweb.com/anime/shijou-saikyou-no-daimaou-murabito-a-ni-tensei-suru/
1229,https://animeslayerweb.com/anime/uniteup-unibirth/
1230,https://animeslayerweb.com/anime/itsudatte-bokura-no-koi-wa-10-cm-datta/
1231,https://animeslayerweb.com/anime/kidou-senshi-gundam-gquuuuuux/
1232,https://animeslayerweb.com/anime/ore-wo-suki-nano-wa-omae-dake-ka-yo/
1233,https://animeslayerweb.com/anime/kami-tachi-ni-hirowareta-otoko-2nd-season/
1234,https://animeslayerweb.com/anime/tantei-wa-mou-shindeiru/
1235,https://animeslayerweb.com/anime/shiro-seijo-to-kuro-bokushi/
1236,https://animeslayerweb.com/anime/kageki-shoujo/
1237,https://animeslayerweb.com/anime/koi-wa-sekai-seifuku-no-ato-de/
1238,https://animeslayerweb.com/anime/houkago-shounen-hanako-kun-part-2/
1239,https://animeslayerweb.com/anime/tomo-chan-wa-onnanoko/
1240,https://animeslayerweb.com/anime/log-horizon-entaku-houkai/
1241,https://animeslayerweb.com/anime/muv-luv-alternative/
1242,https://animeslayerweb.com/anime/isekai-one-turn-kill-neesan-ane-douhan-no-isekai-seikatsu-hajimemashita/
1243,https://animeslayerweb.com/anime/kakkou-no-iinazuke/
1244,https://animeslayerweb.com/anime/haikyuu-to-the-top/
1245,https://animeslayerweb.com/anime/girls-band-cry/
1246,https://animeslayerweb.com/anime/little-busters-refrain/
1247,https://animeslayerweb.com/anime/tsue-to-tsurugi-no-wistoria/
1248,https://animeslayerweb.com/anime/shin-no-nakama-ja-nai-to-yuusha-no-party-wo-oidasareta-node-henkyou-de-slow-life-suru-koto-ni-shimashita-2nd/
1249,https://animeslayerweb.com/anime/owarimonogatari-2nd-season/
1250,https://animeslayerweb.com/anime/idolish7-second-beat/
1251,https://animeslayerweb.com/anime/ao-haru-ride/
1252,https://animeslayerweb.com/anime/%d9%81%d9%8a%d9%84%d9%85-boku-no-hero-academia-the-movie-4-you-re-next/
1253,https://animeslayerweb.com/anime/gin-no-saji-2/
1254,https://animeslayerweb.com/anime/rainbow-nisha-rokubou-no-shichinin/
1255,https://animeslayerweb.com/anime/kyuuketsuki-sugu-shinu-2/
1256,https://animeslayerweb.com/anime/world-dai-star/
1257,https://animeslayerweb.com/anime/kunoichi-tsubaki-no-mune-no-uchi/
1258,https://animeslayerweb.com/anime/high-card/
1259,https://animeslayerweb.com/anime/shachiku-san-wa-youjo-yuurei-ni-iyasaretai/
1260,https://animeslayerweb.com/anime/chainsaw-man/
1261,https://animeslayerweb.com/anime/undead-unluck/
1262,https://animeslayerweb.com/anime/durararax2-shou/
1263,https://animeslayerweb.com/anime/kimetsu-no-yaiba-yuukaku-hen/
1264,https://animeslayerweb.com/anime/kaze-ga-tsuyoku-fuiteiru/
1265,https://animeslayerweb.com/anime/kamierabi/
1266,https://animeslayerweb.com/anime/koi-to-yobu-ni-wa-kimochi-warui/
1267,https://animeslayerweb.com/anime/maougun-saikyou-no-majutsushi-wa-ningen-datta/
1268,https://animeslayerweb.com/anime/shoushimin-series-2nd-season/
1269,https://animeslayerweb.com/anime/mono/
1270,https://animeslayerweb.com/anime/meiji-gekken-1874/
1271,https://animeslayerweb.com/anime/ahiru-no-sora/
1272,https://animeslayerweb.com/anime/dokyuu-hentai-hxeros/
1273,https://animeslayerweb.com/anime/dimension-w/
1274,https://animeslayerweb.com/anime/shinchou-yuusha-kono-yuusha-ga-ore-tueee-kuse-ni-shinchou-sugiru/
1275,https://animeslayerweb.com/anime/digimon-ghost-game/
1276,https://animeslayerweb.com/anime/no-guns-life/
1277,https://animeslayerweb.com/anime/taboo-tattoo/
1278,https://animeslayerweb.com/anime/prison-school/
1279,https://animeslayerweb.com/anime/gekkan-shoujo-nozaki-kun/
1280,https://animeslayerweb.com/anime/tokyo-ghoulre-2nd-season/
1281,https://animeslayerweb.com/anime/k/
1282,https://animeslayerweb.com/anime/hamidashi-creative/
1283,https://animeslayerweb.com/anime/ayaka/
1284,https://animeslayerweb.com/anime/chuunibyou-demo-koi-ga-shitai/
1285,https://animeslayerweb.com/anime/boku-no-hero-academia-5th-season/
1286,https://animeslayerweb.com/anime/babanbabanban-vampire/
1287,https://animeslayerweb.com/anime/kekkai-sensen-beyond/
1288,https://animeslayerweb.com/anime/blade-soul/
1289,https://animeslayerweb.com/anime/sk%e2%88%9e/
1290,https://animeslayerweb.com/anime/one-piece-film-red/
1291,https://animeslayerweb.com/anime/buta-no-liver-wa-kanetsu-shiro/
1292,https://animeslayerweb.com/anime/date-a-live/
1293,https://animeslayerweb.com/anime/helck/
1294,https://animeslayerweb.com/anime/shokugeki-no-souma-shin-no-sara/
1295,https://animeslayerweb.com/anime/sasaki-to-pii-chan/
1296,https://animeslayerweb.com/anime/ikebukuro-west-gate-park/
1297,https://animeslayerweb.com/anime/mix-meisei-story-2nd-season-nidome-no-natsu-sora-no-mukou-e/
1298,https://animeslayerweb.com/anime/mahouka-koukou-no-rettousei-raihousha-hen/
1299,https://animeslayerweb.com/anime/no-guns-life-2nd-season/
1300,https://animeslayerweb.com/anime/kamierabi-2nd-season/
1301,https://animeslayerweb.com/anime/fumetsu-no-anata-e/
1302,https://animeslayerweb.com/anime/blue-reflection-ray/
1303,https://animeslayerweb.com/anime/gakusen-toshi-asterisk-2nd-season/
1304,https://animeslayerweb.com/anime/itai-no-wa-iya-nanode-bougyoryoku-ni-kyokufuri-shitai-to-omoimasu-2/
1305,https://animeslayerweb.com/anime/hibike-euphonium/
1306,https://animeslayerweb.com/anime/level-1-dakedo-unique-skill-de-saikyou-desu/
1307,https://animeslayerweb.com/anime/the-idolmster-million-live/
1308,https://animeslayerweb.com/anime/tadaima-okaeri/
1309,https://animeslayerweb.com/anime/one-piece-heart-of-gold/
1310,https://animeslayerweb.com/anime/zetsuen-no-tempest/
1311,https://animeslayerweb.com/anime/aru-majo-ga-shinu-made/
1312,https://animeslayerweb.com/anime/one-room-hiatari-futsuu-tenshi-tsuki/
1313,https://animeslayerweb.com/anime/toaru-majutsu-no-index/
1314,https://animeslayerweb.com/anime/mayonaka-punch/
1315,https://animeslayerweb.com/anime/hajime-no-ippo-new-challenger/
1316,https://animeslayerweb.com/anime/horimiya/
1317,https://animeslayerweb.com/anime/youkai-gakkou-no-sensei-hajimemashita/
1318,https://animeslayerweb.com/anime/fullmetal-alchemist-brotherhood/
1319,https://animeslayerweb.com/anime/revenger/
1320,https://animeslayerweb.com/anime/sakamichi-no-apollon/
1321,https://animeslayerweb.com/anime/blue-period/
1322,https://animeslayerweb.com/anime/tsurune-tsunagari-no-issha/
1323,https://animeslayerweb.com/anime/higurashi-no-naku-koro-ni-sotsu/
1324,https://animeslayerweb.com/anime/enen-no-shouboutai/
1325,https://animeslayerweb.com/anime/hajimete-no-gal/
1326,https://animeslayerweb.com/anime/kaifuku-jutsushi-no-yarinaoshi/
1327,https://animeslayerweb.com/anime/youkoso-jitsuryoku-shijou-shugi-no-kyoushitsu-e/
1328,https://animeslayerweb.com/anime/boukensha-ni-naritai-to-miyako-ni-deteitta-musume-ga-s-rank-ni-natteta/
1329,https://animeslayerweb.com/anime/rail-romanesque/
1330,https://animeslayerweb.com/anime/temple/
1331,https://animeslayerweb.com/anime/saenai-heroine-no-sodatekata/
1332,https://animeslayerweb.com/anime/idolls/
1333,https://animeslayerweb.com/anime/katsute-kami-datta-kemono-tachi-e/
1334,https://animeslayerweb.com/anime/sekirei-pure-engagement/
1335,https://animeslayerweb.com/anime/lazarus/
1336,https://animeslayerweb.com/anime/hibike-euphonium-3/
1337,https://animeslayerweb.com/anime/kimi-wa-houkago-insomnia/
1338,https://animeslayerweb.com/anime/hortensia-saga/
1339,https://animeslayerweb.com/anime/machine-doll-wa-kizutsukanai/
1340,https://animeslayerweb.com/anime/peach-boy-riverside-2/
1341,https://animeslayerweb.com/anime/enen-no-shouboutai-ni-no-shou/
1342,https://animeslayerweb.com/anime/toaru-ossan-no-vrmmo-katsudouki/
1343,https://animeslayerweb.com/anime/yaku-nara-mug-cup-mo-niban-gama/
1344,https://animeslayerweb.com/anime/guilty-gear-strive-dual-rulers/
1345,https://animeslayerweb.com/anime/hoshiai-no-sora/
1346,https://animeslayerweb.com/anime/boku-no-hero-academia/
1347,https://animeslayerweb.com/anime/rikei-ga-koi-ni-ochita-no-de-shoumei-shitemita-heart/
1348,https://animeslayerweb.com/anime/isekai-maou-to-shoukan-shoujo-no-dorei-majutsu-%cf%89/
1349,https://animeslayerweb.com/anime/the-new-gate/
1350,https://animeslayerweb.com/anime/manaria-friends/
1351,https://animeslayerweb.com/anime/nami-yo-kiitekure/
1352,https://animeslayerweb.com/anime/golden-kamuy/
1353,https://animeslayerweb.com/anime/assassins-pride/
1354,https://animeslayerweb.com/anime/one-piece-movie-04-dead-end-no-bouken/
1355,https://animeslayerweb.com/anime/yuuki-bakuhatsu-bang-bravern/
1356,https://animeslayerweb.com/anime/kanpekisugite-kawaige-ga-nai-to-konyaku-haki-sareta-seijo-wa-ringoku-ni-urareru/
1357,https://animeslayerweb.com/anime/dungeon-ni-deai-wo-motomeru-no-wa-machigatteiru-darou-ka-v-houjou-no-megami-hen/
1358,https://animeslayerweb.com/anime/rurouni-kenshin-meiji-kenkaku-romantan-kyoto-douran/
1359,https://animeslayerweb.com/anime/tengoku-daimakyou/
1360,https://animeslayerweb.com/anime/highspeed-etoile/
1361,https://animeslayerweb.com/anime/katsugeki-touken-ranbu/
1362,https://animeslayerweb.com/anime/hikikomari-kyuuketsuki-no-monmon/
1363,https://animeslayerweb.com/anime/shakunetsu-kabaddi/
1364,https://animeslayerweb.com/anime/rokudou-no-onna-tachi/
1365,https://animeslayerweb.com/anime/kusuriya-no-hitorigoto-2nd-season/
1366,https://animeslayerweb.com/anime/kujira-no-kora-wa-sajou-ni-utau/
1367,https://animeslayerweb.com/anime/kisaki-kyouiku-kara-nigetai-watashi/
1368,https://animeslayerweb.com/anime/maken-ki/
1369,https://animeslayerweb.com/anime/overlord/
1370,https://animeslayerweb.com/anime/dr-stone-science-future/
1371,https://animeslayerweb.com/anime/rezero-kara-hajimeru-isekai-seikatsu-2nd-season/
1372,https://animeslayerweb.com/anime/mushoku-tensei-isekai-ittara-honki-dasu-part-2/
1373,https://animeslayerweb.com/anime/sengoku-youko/
1374,https://animeslayerweb.com/anime/kuroko-no-basket-3rd-season/
1375,https://animeslayerweb.com/anime/migi-to-dali/
1376,https://animeslayerweb.com/anime/kekkon-suru-tte-hontou-desu-ka/
1377,https://animeslayerweb.com/anime/ore-wa-seikan-kokka-no-akutoku-ryoushu/
1378,https://animeslayerweb.com/anime/high-school-dxd-hero/
1379,https://animeslayerweb.com/anime/love-live-superstar-3rd-season/
1380,https://animeslayerweb.com/anime/sirius/
1381,https://animeslayerweb.com/anime/visual-prison/
1382,https://animeslayerweb.com/anime/spy-x-family/
1383,https://animeslayerweb.com/anime/hoshikuzu-telepath/
1384,https://animeslayerweb.com/anime/gakusen-toshi-asterisk/
1385,https://animeslayerweb.com/anime/uzumaki/
1386,https://animeslayerweb.com/anime/dosanko-gal-wa-namara-menkoi/
1387,https://animeslayerweb.com/anime/dororo/
1388,https://animeslayerweb.com/anime/project-scard-praeter-no-kizu/
1389,https://animeslayerweb.com/anime/rokudenashi-majutsu-koushi-to-akashic-records/
1390,https://animeslayerweb.com/anime/zenshuu/
1391,https://animeslayerweb.com/anime/guraburu/
1392,https://animeslayerweb.com/anime/kanata-no-astra/
1393,https://animeslayerweb.com/anime/mashle/
1394,https://animeslayerweb.com/anime/battle-athletess-daiundoukai-restart/
1395,https://animeslayerweb.com/anime/madan-no-ou-to-vanadis/
1396,https://animeslayerweb.com/anime/seirei-gensouki/
1397,https://animeslayerweb.com/anime/tonari-no-kaibutsu-kun/
1398,https://animeslayerweb.com/anime/komi-san-wa-comyushou-desu-2nd-season/
1399,https://animeslayerweb.com/anime/the-marginal-service/
1400,https://animeslayerweb.com/anime/chiyu-mahou-no-machigatta-tsukaikata/
1401,https://animeslayerweb.com/anime/fruits-basket-the-final/
1402,https://animeslayerweb.com/anime/kusuriya-no-hitorigoto/
1403,https://animeslayerweb.com/anime/owari-no-seraph-nagoya-kessen-hen/
1404,https://animeslayerweb.com/anime/maebashi-witches/
1405,https://animeslayerweb.com/anime/mob-psycho-100-iii/
